Phal,549,áabru,cloud,آبروۡ,áabru,,liljegren
Phal,549,áabur,cloud,,,,liljegren
Phal,227,áača,to enter; come inside; move into,آچہ,áatɕa,,liljegren
biori,227,áače,to enter; come inside; move into,,,,liljegren
Phal,30,aac̣háaru,a pine tree,آڇھاروۡ,aaʈʂʰáaru,,liljegren
Phal,644,áaḍu,"half; half of, some of; the one half; half of the people; some of them, etc.",آڈوۡ,áaɖu,,liljegren
Phal,242,aáǰ,today,آج,"áaʑ, áadʑ",,liljegren
biori,242,aǰ,today,,,,liljegren
Phal,2462,áak,"one; one (person), someone",آک,áak,,liljegren
Phal,2462,áa,"one; one (person), someone",,,,liljegren
biori,2462,"ak, a","one; one (person), someone",,,,liljegren
Phal,1252,aamburíi,rub; wrinkle,آمبُری,aamburíi,,liljegren
Phal,1265,aamúuṣa,to forget,آمُوݜہ,aamúuʂa,,liljegren
biori,1265,aamúuṣe,to forget,,,,liljegren
Phal,100,áangu,sickle,آںگوۡ,áaŋɡu,,liljegren
Phal,910,áašuṇ,hail,آشُݨ,áaɕuɳ,,liljegren
Phal,910,áašuṇḍ,hail,,,,liljegren
biori,910,"áašum, háašum",hail,,,,liljegren
Phal,1474,aaṣaáṛ,apricot,آݜاڑ,"aaʂaáɽ, aaʈʂʰaáɽ",,liljegren
Phal,941,áaṣṭ,eight,آݜٹ,áaʂʈ,,liljegren
biori,941,aṣṭ,eight,,,,liljegren
Phal,1440,aawíiṛu,narrow ; tight,آوِیڑوۡ,aawíiɽo,,liljegren
Phal,1008,aaghaá,sky,آگھا,aaɡʰaá,,liljegren
Phal,11338,aaghaabáanu,sky-coloured,آگھا بانوۡ,aaɡhabáanu,,liljegren
Phal,6534,abhíiṇi,cowife,ابِھیݨیۡ,abhíiɳi,,liljegren
Phal,43,ac̣híi,eye,اڇھی,aʈʂíi,,liljegren
Phal,48,ac̣hoóṛ,walnut,اڇھوڑ,aʈʂʰoóɽ,,liljegren
Phal,48,ac̣húuṛi,walnut tree,اڇُھوڑیۡ,aʈʂúuɽi,,liljegren
Phal,2485,akóoš,eleven,اکوش,akóoɕ,,liljegren
biori,2485,akáaš,eleven,,,,liljegren
Phal,283,anú,it; he; this one (prox masc nom),انوۡ,anú,,liljegren
Phal,131,angeerí,coal,انگیریۡ,aŋɡeerí,,liljegren
Phal,125,angóor,fire,انگور,aŋɡóor,,liljegren
biori,125,angáar,fire,,,,liljegren
Phal,135,angúṛu,thumb; big toe,انگُڑوۡ,aŋɡúɽo,,liljegren
Phal,65,angúṭ,fireplace,انگُٹ,aŋɡúʈ,,liljegren
Phal,2411,aṇabhiíš,nineteen,اݨبِھیش,aɳabʰiíɕ,,liljegren
Phal,986,asíi,our (1pl gen),اسی,asíi,,liljegren
biori,986,asée,our (1pl gen),,,,liljegren
Phal,946,aṣṭóoš,eighteen,اݜٹوش,aʂʈóoɕ,,liljegren
biori,946,aṣṭáaš,eighteen,,,,liljegren
Phal,178,aṭíi,to bring sth or sb; give birth,اٹی,aʈíi,,liljegren
Phal,9209,báabu,father,بابوۡ,báabu,,liljegren
Phal,11376,báaḍa,to grow (up),باڈہ,báaɖa,,liljegren
biori,11376,bháaḍe,to grow (up),,,,liljegren
Phal,11392,báaṣ,rain,باݜ,báaʂ,,liljegren
biori,11392,baṣ,rain,,,,liljegren
Phal,11564,baát,"word; talk; issue, matter; speech, language",بات,baát,,liljegren
Phal,11348,báaṭ,"stone, rock",باٹ,báaʈ,,liljegren
biori,11348,baṭ,"stone, rock",,,,liljegren
Phal,9229,baaugáaṛu,shoulder,باؤگاڑوۡ,baawɡáaɽu,,liljegren
Phal,9387,babaáy,apple,ببائیۡ,babaáj,,liljegren
biori,9387,babéi,apple,,,,liljegren
Phal,11239,bac̣húuṛu,young male calf,بڇُھوڑوۡ,"baʈʂʰúuɽo, baʂúuɽo",,liljegren
Phal,11385,baḍhíir,sledge-hammer,بڈِھیر,baɖhíir,,liljegren
Phal,9153,bakáara,flock of sheep and goats,بکارہ,bakáara,,liljegren
Phal,9154,bakaraál,shepherd; goatherd,بکرال,bakaraál,,liljegren
Phal,11439,basaánd,spring; can also refer more specifically to the first part of spring (a 40-day period) when days are warmer and plants begin to grow and flowers blossom (appr. 1 Apr-10 May),بساند,"basaánd, basaán",,liljegren
biori,11439,basán,spring; can also refer more specifically to the first part of spring (a 40-day period) when days are warmer and plants begin to grow and flowers blossom (appr. 1 Apr-10 May),,,,liljegren
Phal,11241,batshaár,calf that can plough but is not yet full-grown (2-4 years old),بڅھار,batsʰaár,,liljegren
Phal,12622,baṭoošaáṇṭ,sling-shot,بٹوشانٹ,baʈooɕaáɳʈ,,liljegren
Phal,11302,be,we (1pl nom),بےۡ,be,,liljegren
Phal,12051,beedhríi,to clear up (about sky),بیدھری,beedrhíi,,liljegren
Phal,6685,béeǰi,heifer,بیجیۡ,béedʑi,,liljegren
Phal,11392,béeriṣ,summer,بیرِݜ,béeriʂ,,liljegren
Phal,9238,beeṭí,lamb,بیٹیۡ,beeʈí,,liljegren
Phal,9442,bhaanóoṛ,cattle shed; pasture hut,بھانوڑ,bhaanóoɽ,,liljegren
Phal,9442,bhaaṇóol,cattle shed; pasture hut,,,,liljegren
Phal,9459,bháaru,load; burden,بھاروۡ,bháaru,,liljegren
Phal,9435,bhaagíi,"to divide, split",بھاگی,bhaaɡíi,,liljegren
Phal,9330,bhakúlu,"fat, thick; strong",بھکُلوۡ,bhakúlo,,liljegren
Phal,9363,bhanǰóo,"to beat sb, play (musical instrument)",بھنجو,bhaɲdʑóo,,liljegren
biori,9363,bhanǰúu,"to beat sb, play (musical instrument)",,,,liljegren
Phal,9467,bharíiw,husband,بھرِیوۡ,bharíiw,,liljegren
biori,9467,bharéew,husband,,,,liljegren
Phal,9684,bhaṛíi,to roast,بھڑی,bhaɽíi,,liljegren
Phal,11525,bhayíi,"to sow, cultivate",بھئی,bhajíi,,liljegren
Phal,11182,bheénš,(wooden) beam,بھینش,bhẽẽ́ɕ,,liljegren
Phal,11182,bheénč,(wooden) beam,,,,liljegren
Phal,9349,bheéṇ,sister,بھیݨ,bheéɳ,,liljegren
Phal,2245,bhéša,"to sit down, settle, stay",بھیۡشہ,"bhéɕa, bheéɕa",,liljegren
biori,2245,bhéše,"to sit down, settle, stay",,,,liljegren
Phal,2245,bhešóo,to seat sb; make sb sit down; put,بھیۡشو,bheɕóo,,liljegren
biori,2245,bhešúu,to seat sb; make sb sit down; put,,,,liljegren
Phal,9241,bhíia,"to fear, be afraid of",بِھیہ,bhíia,,liljegren
biori,9241,bhíie,"to fear, be afraid of",,,,liljegren
Phal,12056,bhiiroó,male,بِھیرو,bhiiroó,,liljegren
Phal,12056,bhíiru,he-goat,بِھیروۡ,bhíiro,,liljegren
Phal,11616,bhiíš,twenty; the twenty sth or people,بِھیش,bhiíɕ,,liljegren
Phal,12098,bhióoṇ,willow,بِھیوݨ,bjhóoɳ,,liljegren
Phal,12098,bhiaaṇmúṭ,willow,,,,liljegren
Phal,9493,bhit,plank,بِھت,bhit,,liljegren
Phal,9477,bhóo,"to be able to, know how to, can",بھو,bhóo,,liljegren
biori,9477,bhúu,"to be able to, know how to, can",,,,liljegren
Phal,11589,bhóoša,"to bark, bleat; talk (negatively)",بھوشہ,bhóoɕa,,liljegren
biori,11589,bhúuše,"to bark, bleat; talk (negatively)",,,,liljegren
Phal,2328,bhootíi,ploughing,بھوتی,bhootíi,,liljegren
Phal,11250,bhoóy,daughter-in-law; son's wife,بھوئیۡ,bhoój,,liljegren
Phal,9660,bhraaǰái,sister-in-law; brother's wife,بھراجئیۡ,brhaadʑéj,,liljegren
Phal,9660,bhraaǰéi,sister-in-law; brother's wife,,,,liljegren
Phal,14738,bhráanzu,lawn,بھرانزوۡ,bhráanzu,,liljegren
biori,14738,bhranz,lawn,,,,liljegren
Phal,9661,bhróo,"brother; cousin, member of one's own tribe",بھرو,brhóo,,liljegren
biori,9661,bhrúu,"brother; cousin, member of one's own tribe",,,,liljegren
Phal,12064,bhruk,kidney,بھرُک,brhuk,,liljegren
Phal,9280,bhun,"down, down below",بُھن,bhun,,liljegren
Phal,9293,bhus,straw,بُھس,bhus,,liljegren
Phal,9279,bhuuǰóo,to wake (sb) up,بُھوجو,bhuudʑóo,,liljegren
biori,9279,bhuuǰúu,to wake (sb) up,,,,liljegren
Phal,9530,bhúuru,deaf,بُھوروۡ,bhúuro,,liljegren
Phal,11751,bidráagu,"ill, sick; the sick (person)",بِدراگوۡ,bidráaɡu,,liljegren
Phal,9250,bíi,seed,بی,bíi,,liljegren
Phal,12225,bíi,"to go, leave, move",بی,bíi,,liljegren
Phal,11929,bíiḍu,many; much; very; really,بِیڈوۡ,bíiɖo,,liljegren
Phal,11742,bíǰi,lightning,بِجیۡ,bídʑi,,liljegren
Phal,12009,bistíiṇu,"wide, broad; loose",بِستِیݨوۡ,bistíiɳo,,liljegren
Phal,11968,biṣ,poison,بِݜ,biʂ,,liljegren
Phal,11949,biṣáama,to rest,بِݜامہ,biʂáama,,liljegren
biori,11949,biṣáame,to rest,,,,liljegren
Phal,11572,bóolu,(straw of) hair,بولوۡ,bóolo,,liljegren
biori,11572,búulu,(straw of) hair,,,,liljegren
Phal,6658,bóoš,twelve,بوش,bóoɕ,,liljegren
biori,6658,báaš,twelve,,,,liljegren
Phal,9893,bráam,joint,برام,bráam,,liljegren
Phal,11652,buc̣húṇa,to card (wool),بُڇُھݨہ,buʈʂʰúɳa,,liljegren
biori,11652,buc̣húṇe,to card (wool),,,,liljegren
Phal,9279,búǰa,"to understand, realize",بُجہ,búdʑa,,liljegren
biori,9279,búǰe,"to understand, realize",,,,liljegren
Phal,9268,buuḍóolu,spider,بُوڈولوۡ,buuɖóolo,,liljegren
Phal,9271,búuḍu,old,بُوڈوۡ,búuɖo,,liljegren
Phal,4762,čáar,fresh grass (esp. as fodder),چار,tɕáar,,liljegren
biori,4762,čar,fresh grass (esp. as fodder),,,,liljegren
Phal,4605,čandíiš,fourteen,چندِیش,tɕandíiɕ,,liljegren
biori,4605,čandéeš,fourteen,,,,liljegren
Phal,4963,čhaál,kid (young goat),چھال,tɕʰaál,,liljegren
Phal,5027,čhay,shade; shadow,چھئیۡ,"tɕʰaj, tɕʰej",,liljegren
biori,5027,čhey,shade; shadow,,,,liljegren
Phal,4963,čhéeli,she-goat,چھیلیۡ,tɕʰéeli,,liljegren
Phal,5020,čhíi,ashes,چھی,tɕʰíi,,liljegren
Phal,5046,čhína,"to cut, cut off; reduce; make (part. milk products)",چِھنہ,tɕʰína,,liljegren
biori,5046,čhíne,"to cut, cut off; reduce; make (part. milk products)",,,,liljegren
Phal,5060,čhooríi,"to put (down), put in place; name",چھوری,tɕʰooríi,,liljegren
Phal,13730,čhoót,traditional salty cheese,چھوت,tɕʰoót,,liljegren
Phal,3153,číčal,wet mud; clay,چِچل,tɕítɕal,,liljegren
Phal,14496,čímar,iron (material),چِمر,tɕímar,,liljegren
Phal,4939,čo,now! go ahead! let's!,چوۡ,tɕo,,liljegren
Phal,4931,čoór,thief,چور,tɕoór,,liljegren
Phal,4849,čukíi,to bite,چُکی,tɕukíi,,liljegren
Phal,4850,čúkru,sour,چُکروۡ,tɕúkro,,liljegren
Phal,4874,čúla,"to rock, sway, shake, move",چُلہ,tɕúla,,liljegren
Phal,4889,čúṇu,"thin, small",چُݨوۡ,tɕúɳo,,liljegren
Phal,4655,čúur,four,چُور,tɕúur,,liljegren
biori,4655,čáar,four,,,,liljegren
Phal,3662,c̣haár,waterfall,ڇھار,"ʈʂʰaár, ʂaár",,liljegren
biori,3662,c̣har,waterfall,,,,liljegren
Phal,3696,c̣hiír,milk,ڇِھیر,ʈʂʰiír,,liljegren
Phal,3700,c̣híiri,udder (of cow),ڇِھیری,ʈʂʰíiri,,liljegren
Phal,3735,c̣híitr,field; (tilled) land,ڇِھیتر,ʈʂʰíitr,,liljegren
biori,3735,c̣héetr,field; (tilled) land,,,,liljegren
Phal,3690,c̣hiṇ,darkness,ڇِھݨ,ʈʂʰiɳ,,liljegren
Phal,3750,c̣hoy,threshing (of wheat),ڇھوئیۡ,ʈʂʰoj,,liljegren
Phal,3719,c̣hupíi,to wash (clothes),ڇُھپی,ʈʂʰupíi,,liljegren
Phal,13548,c̣húuṇc̣u,straight,ڇُھونڇوۡ,ʈʂʰuuɳʈʂo,,liljegren
Phal,3727,c̣huúr,"razor, sharp knife",ڇُھور,ʈʂʰuúr,,liljegren
Phal,6248,daáǰa,to burn,داجہ,dáadʑa,,liljegren
Phal,6152,dáand,tooth,داند,dáand,,liljegren
biori,6152,dan,tooth,,,,liljegren
Phal,6724,dáand,"hill side, peak, ridge",داند,dáand,,liljegren
biori,6724,dand,"hill side, peak, ridge",,,,liljegren
Phal,6651,dáar,door,دار,dáar,,liljegren
biori,6651,dar,door,,,,liljegren
Phal,6227,dáaš,ten,داش,dáaɕ,,liljegren
biori,6227,daš,ten,,,,liljegren
Phal,6507,dac̣híi,"to look, see, watch; care for",دڇھی,daʈʂʰíi,,liljegren
biori,6507,dhayíi,"to look, see, watch; care for",,,,liljegren
Phal,6651,darúṛi,window,درُڑیۡ,darúɽi,,liljegren
Phal,6276,dawóo,"to ask for sth, ask (take) sb for marriage; want",دوو,dawóo,,liljegren
biori,6276,dawúu,"to ask for sth, ask (take) sb for marriage; want",,,,liljegren
Phal,6119,deec̣híṇu,right,دیڇِھݨوۡ,"deeʈʂʰiɳo, deeʂiɳo",,liljegren
Phal,6261,déedi,grandmother; father's mother,دیدیۡ,déedi,,liljegren
Phal,6250,déeṛi,beard,دیڑیۡ,déeɽi,,liljegren
Phal,6333,deés,day; point in time,دیس,deés,,liljegren
Phal,6890,dháama,"to become full, be satisfied (in eating)",دھامہ,dháama,,liljegren
Phal,6888,dhaataár,fire place,دھاتار,dhaataár,,liljegren
biori,6888,dhaatár,fire place,,,,liljegren
Phal,6744,dharaáṇ,ground; earth,دھراݨ,dharaáɳ,,liljegren
biori,6744,dharáṇ,ground; earth,,,,liljegren
Phal,6254,dheeṛúm,pomegranate,دھیڑُم,dheeɽúm,,liljegren
Phal,6481,dhií,daughter,دھی,dhií,,liljegren
Phal,6482,dhiúuṛi,granddaughter; daughter's daughter,دِھئُوڑیۡ,djhúuɽi,,liljegren
Phal,6482,dhiúuṛu,grandson; daughter's son,دِھئُوڑوۡ,djʰúuɽo,,liljegren
Phal,6592,dhoíi,"to milk (a cow, a goat, etc.)",دھوۡئی,dhojíi,,liljegren
Phal,6592,dhóo,"to milk (a cow, a goat, etc.)",,,,liljegren
Phal,6833,dhóo,"to wash (utensils, one's body)",دھو,dhóo,,liljegren
biori,6833,dhuwúu,"to wash (utensils, one's body)",,,,liljegren
Phal,6590,dhoóṛ,yesterday,دھوڑ,dhoóɽ,,liljegren
Phal,6628,dhráac̣,grape,دھراڇ,drháaʈʂ,,liljegren
biori,6628,dhrac̣,grape,,,,liljegren
Phal,14633,dhraáǰa,"to be stretched out, grow tall, grow long",دھراجہ,drháadʑa,,liljegren
biori,14633,draáǰe,"to be stretched out, grow tall, grow long",,,,liljegren
Phal,6613,dhrakíi,"to pull, draw",دھرکی,drhakíi,,liljegren
Phal,6568,dhreég,"stretched out, lying",دھریگ,drheéɡ,,liljegren
Phal,6368,dhrígu,"long, tall",دھرِگوۡ,drhíɡo,,liljegren
Phal,6429,dhrúuk,"stream; streambed, gorge",دھرُوک,drhúuk,,liljegren
biori,6429,dhráak,"stream; streambed, gorge",,,,liljegren
Phal,5853,dhut,mouth,دُھت,dhut,,liljegren
Phal,6849,dhuumíi,"smoke, fume",دُھومی,dhuumíi,,liljegren
Phal,6495,dhúura,far away; away,دُھورہ,dhúura,,liljegren
Phal,6141,díi,"to give, put",دی,díi,,liljegren
Phal,6546,díir,brother-in-law; a woman's husband's brother,دِیر,díir,,liljegren
biori,6546,déer,brother-in-law; a woman's husband's brother,,,,liljegren
Phal,6547,díiš,(home) village,دِیش,díiɕ,,liljegren
biori,6547,déeš,(home) village,,,,liljegren
Phal,6343,diṣṭ,hand-span (as a measure),دِݜٹ,diʂʈ,,liljegren
Phal,6261,dóodu,grandfather; father's father; forefather,دودوۡ,dóodo,,liljegren
biori,6261,dúudu,grandfather; father's father; forefather,,,,liljegren
Phal,6402,dúi,"another; other, some other",دُئیۡ,"duj, dwi",,liljegren
biori,6402,dúe,"another; other, some other",,,,liljegren
Phal,6835,dúṛi,dust,دُڑیۡ,dúɽi,,liljegren
Phal,6648,dúu,two,دُو,dúu,,liljegren
Phal,5574,ḍhangóo,"to bury, plant",ڈھنگو,ɖhaŋɡóo,,liljegren
biori,5574,ḍhangúu,"to bury, plant",,,,liljegren
Phal,5589,ḍheér,belly,ڈھیر,ɖheér,,liljegren
Phal,6740,ḍhoór,hopper; grain container,ڈھور,ɖhoór,,liljegren
Phal,5558,ḍhroonkíi,"to bray, moo, bleet, etc.",ڈھرونکی,ɖrhoonkíi,,liljegren
Phal,5582,ḍóok,back,ڈوک,ɖóok,,liljegren
biori,5582,ḍáak,back,,,,liljegren
Phal,14276,eeṛó,that (agr: dist nom masc),ایڑوۡ,eeɽó,,liljegren
Phal,14276,aṛó,that (agr: dist nom masc),,,,liljegren
biori,14276,haṛó,that (agr: dist nom masc),,,,liljegren
Phal,1130,eetríli,day before yesterday,ایترِلیۡ,eetríli,,liljegren
Phal,13952,haáḍ,bone,ہاڈ,haáɖ,,liljegren
biori,13952,haḍ,bone,,,,liljegren
Phal,14000,haál,plough,ہال,haál,,liljegren
biori,14000,hal,plough,,,,liljegren
Phal,14021,háansa,to laugh,ہانسہ,háansa,,liljegren
biori,14021,háanse,to laugh,,,,liljegren
Phal,13980,háara,"to pull, take (sb or sth) [away], abduct, bring, move",ہارہ,háara,,liljegren
biori,13980,háare,"to pull, take (sb or sth) [away], abduct, bring, move",,,,liljegren
Phal,14024,haát,hand,ہات,haát,,liljegren
biori,14024,hat,hand,,,,liljegren
Phal,1338,haáṭ,flour,ہاٹ,haáʈ,,liljegren
Phal,13952,haṇḍúk,bones; skeleton,ہنڈُک,haɳɖúk,,liljegren
Phal,13952,haḍúng,bones; skeleton,,,,liljegren
Phal,1111,haṇoó,egg,ہݨو,haɳoó,,liljegren
Phal,1127,héeṛi,duck,ہیڑیۡ,héeɽi,,liljegren
Phal,14164,heewaánd,winter,ہیواند,heewaánd,,liljegren
Phal,14164,heewaán,winter,,,,liljegren
biori,14164,heewán,winter,,,,liljegren
Phal,9416,hínu,is (masc sg),ہِنوۡ,"híno, húno",,liljegren
Phal,14152,híṛu,heart,ہِڑوۡ,híɽo,,liljegren
Phal,2426,huṇḍ,"up, up above",ہُنڈ,"huɳɖ, huɳ",,liljegren
Phal,2426,húuṇḍ,"up, up above",,,,liljegren
Phal,2445,iṇc̣,bear,اِنڇ,"iɳʈʂ, íiɳʈʂ",,liljegren
Phal,1600,iṣṭú,brick,اِݜٹوۡ,iʂʈú,,liljegren
Phal,1577,izraáṇ,rainbow,اِزراݨ,izraáɳ,,liljegren
Phal,1577,zriaán,rainbow,,,,liljegren
biori,1577,niildhráal,rainbow,,,,liljegren
Phal,5244,ǰáandu,alive; living (person),جاندوۡ,dʑáandu,,liljegren
Phal,5303,ǰáar,fever,جار,dʑáar,,liljegren
biori,5303,ǰar,fever,,,,liljegren
Phal,5286,ǰaṣṭáanguṛ,big toe,جݜٹانگُڑ,dʑaʂʈaaŋɡúɽ,,liljegren
Phal,5198,ǰhaamatroó,son-in-law; daughter's husband,جھامترو,"dʑhaamatroó, dʑhamatroó",,liljegren
Phal,5334,ǰhaáṭ,goat's hair; fur,جھاٹ,dʑhaáʈ,,liljegren
biori,5334,ǰhaṭ,goat's hair; fur,,,,liljegren
Phal,5110,ǰhanduraá,snake,جھندُرا,"dʑhandraá, dʑhanduraá",,liljegren
Phal,5103,ǰhaní,marriage; wedding,جھنیۡ,dʑhaní,,liljegren
Phal,10394,ǰhangaár,liver,جھنگار,dʑhaŋɡaár,,liljegren
Phal,5239,ǰhií~,(head) louse,جِھیں,dʑhĩĩ́,,liljegren
Phal,5193,ǰhóona,"to recognize, know, understand",جھونہ,dʑhóona,,liljegren
biori,5193,ǰhúune,"to recognize, know, understand",,,,liljegren
Phal,5406,ǰhulí,"on (top of), in; on to; over; about, at; due to",جُھلیۡ,dʑhulí,,liljegren
Phal,10519,ǰhúuṇi,stinging nettle (used for stews),جُھوݨیۡ,dʑhúuɳi,,liljegren
Phal,5155,ǰiléeṛi,cream,جِلیڑیۡ,dʑiléeɽi,,liljegren
Phal,5228,ǰip,tongue,جِپ,dʑip,,liljegren
Phal,5204,ǰóo,"to be born, have [a child]; grow up",جو,dʑóo,,liljegren
biori,5204,ǰúu,"to be born, have [a child]; grow up",,,,liljegren
Phal,2589,káac̣,straw; hay,کاڇ,káaʈʂ,,liljegren
Phal,3084,kaál,year,کال,kaál,,liljegren
Phal,3084,saál,year,,,,liljegren
Phal,2767,káamba,to shiver,کامبہ,káamba,,liljegren
biori,2767,káambe,to shiver,,,,liljegren
Phal,13627,káand,shoulder,کاند,káand,,liljegren
Phal,13627,káan,shoulder,,,,liljegren
biori,13627,kan,shoulder,,,,liljegren
Phal,2830,káaṇ,ear,کاݨ,káaɳ,,liljegren
biori,2830,kaṇ,ear,,,,liljegren
Phal,2668,káaṇḍu,thorn,کانڈوۡ,kaaɳɖu,,liljegren
Phal,2689,kaṇíi,to scratch (oneself or a body part),کݨی,kaɳíi,,liljegren
Phal,2655,karáaṛu,leopard; wild beast (in general),کراڑوۡ,karáaɽu,,liljegren
Phal,3167,katí,"how many, how much; that many, that much; a few",کتیۡ,katí,,liljegren
Phal,2860,kaṭóoru,"large knife (for fighting or clearing the forest, used by shepherds)",کٹوروۡ,kaʈóoro,,liljegren
Phal,2598,kéengi,comb,کینگیۡ,kéeŋɡi,,liljegren
Phal,3153,kháaču,bad,کھاچوۡ,kʰáatɕu,,liljegren
Phal,14343,kháaču,bad,کھاچوۡ,kʰáatɕu,,liljegren
biori,3153,kháču,bad,,,,liljegren
biori,14343,kháču,bad,,,,liljegren
Phal,3792,kháaṇ,mountain; mountain pass; Lowari Pass,کھاݨ,kʰáaɳ,,liljegren
biori,3792,"khaṇ, rauléi",mountain; mountain pass; Lowari Pass,,,,liljegren
Phal,3818,khaár,donkey,کھار,kʰaáar,,liljegren
biori,3818,khar,donkey,,,,liljegren
Phal,3848,khaláaṛu,leather grain bag (made from the skin of a he-goat),کھلاڑوۡ,kʰaláaɽu,,liljegren
Phal,3795,khaṇíi,"to hit, shoot",کھݨی,kʰaɳíi,,liljegren
Phal,3818,khári,female donkey,کھریۡ,kʰári,,liljegren
Phal,2909,khaṣíi,hoe,کھݜی,kʰaʂíi,,liljegren
Phal,3470,khilaí,alone,کِھلئیۡ,kʰilají,,liljegren
Phal,3884,khínǰa,to become tired,کِھنجہ,kʰiɲdʑa,,liljegren
biori,3884,khínǰe,to become tired,,,,liljegren
Phal,3865,khóo,to eat,کھو,kʰóo,,liljegren
biori,3865,khúu,to eat,,,,liljegren
Phal,3929,khooǰóo,to ask,کھوجو,kʰoodʑóo,,liljegren
biori,3929,khooǰúu,to ask,,,,liljegren
Phal,13661,khooṇṣíi,to dig,کھونݜی,kʰooɳʂíi,,liljegren
Phal,3937,khópu,rung of a ladder,کھوۡپوۡ,kʰópo,,liljegren
Phal,3906,khur,foot; leg (including the foot),کُھر,kʰur,,liljegren
Phal,3364,khúšu,left; left-handed,کُھشوۡ,kʰúɕo,,liljegren
Phal,14401,khúšu,left; left-handed,کُھشوۡ,kʰúɕo,,liljegren
Phal,3243,khúṭu,"leg, knee",کُھٹوۡ,kʰúʈo,,liljegren
Phal,3941,khúṭu,lame (not able to walk normally),کُھٹوۡ,kʰúʈo,,liljegren
Phal,3135,khuusíi,cough,کُھوسی,kʰuusíi,,liljegren
Phal,3187,kíilum,tar,کِیلُم,kíilum,,liljegren
Phal,3175,kir,snow,کِر,kir,,liljegren
Phal,3607,kiroóṛ,chest,کِروڑ,kiroóɽ,,liljegren
Phal,5274,koó,"who, somebody, anybody (nom)",کو,koó,,liljegren
Phal,2993,kóok,crow,کوک,kóok,,liljegren
biori,2993,káak,crow,,,,liljegren
Phal,3523,koomáalu,soft,کومالوۡ,koomáalu,,liljegren
Phal,3023,kóoṇ,arrow,کوݨ,kóoɳ,,liljegren
Phal,3023,kóoṇṭ,arrow,,,,liljegren
biori,3023,šará,arrow,,,,liljegren
Phal,2892,kráam,"work; deed, behaviour",کرام,kráam,,liljegren
biori,2892,kram,"work; deed, behaviour",,,,liljegren
Phal,3594,krína,to sell,کِرنہ,"krína, kírna",,liljegren
biori,3594,kríne,to sell,,,,liljegren
Phal,3451,kriṣíṇu,black,کرِݜِݨوۡ,"kriʂíɳo, kiʂíɳo",,liljegren
Phal,3451,kiṣíṇu,black,,,,liljegren
Phal,3219,kučúru,dog,کُچُروۡ,kutɕúro,,liljegren
Phal,3251,kuḍ,wall,کُڈ,kuɖ,,liljegren
Phal,3245,kúṛi,woman; wife,کُڑیۡ,kúɽi,,liljegren
Phal,10905,láanga,to cross; walk (across); swim (across),لانگہ,láaŋɡa,,liljegren
biori,10905,láange,to cross; walk (across); swim (across),,,,liljegren
Phal,10909,laǰíǰa,to be ashamed,لجِجہ,ladʑídʑa,,liljegren
Phal,11009,laméeṭi,tail,لمیٹیۡ,laméeʈi,,liljegren
Phal,10956,lamóo,to hang (up) something,لمو,lamóo,,liljegren
biori,10956,lamúu,to hang (up) something,,,,liljegren
Phal,11016,leewóo,"to lie, tell lies",لیوو,leewóo,,liljegren
biori,11016,leewúu,"to lie, tell lies",,,,liljegren
Phal,11108,lekhíi,to count,لکھی,lekʰíi,,liljegren
Phal,10948,lháaya,to find,لھایہ,lháaja,,liljegren
biori,10948,lháaye,to find,,,,liljegren
Phal,11168,lhoílu,red; money (substantivized in plural; i.e. red like the 100 rupee note),لھوئِلوۡ,lhojlo,,liljegren
biori,11168,"lohílu, lhoyílu",red; money (substantivized in plural; i.e. red like the 100 rupee note),,,,liljegren
Phal,10896,lhoóku,small; (small) child,لھوکوۡ,lhoóko,,liljegren
Phal,10978,lhoóṇ,salt,لھوݨ,lhoóɳ,,liljegren
Phal,11120,loomúṭ,"deodar tree (Himalayan cedar); very tall tree growing on high altitudes, usually far from permanent settlements, its wood is used for construction",لومُٹ,loomúʈ,,liljegren
Phal,11169,loowíiṣṭ,pheasant,لووِیݜٹ,loowíiʂʈ,,liljegren
Phal,11082,lúna,"to reap, cut, cut off; mow",لُنہ,lúna,,liljegren
biori,11082,lúne,"to reap, cut, cut off; mow",,,,liljegren
Phal,11153,luumái,fox,لُومئیۡ,luuméj,,liljegren
biori,11153,lhooméi,fox,,,,liljegren
Phal,9691,ma,"I (1sg nom, subject), me (1sg direct object)",مہ,ma,,liljegren
Phal,9691,máa-,"I (1sg nom, subject), me (1sg direct object)",,,"Forming one phonological word with following postposition or clitic, e.g. máathe 'me, to me' with the 'to'.",liljegren
Phal,9990,maac̣huríi,honey bee,ماڇُھری,maaʈʂʰuríi,,liljegren
Phal,9882,máakaṛ,monkey,ماکڑ,,,liljegren
Phal,10055,maamaá,uncle; mother's brother,ماما,maamaá,,liljegren
Phal,9890,máaṇḍa,to knead,مانڈہ,máaɳɖa,,liljegren
Phal,9871,máara,to die,مارہ,máara,,liljegren
biori,9871,máare,to die,,,,liljegren
Phal,9837,maníi,"to say, call; read, recite; obey",منی,maníi,,liljegren
Phal,9740,maṇḍáu,veranda; gallery,منڈووۡ,maɳɖáw,,liljegren
Phal,9746,maṭróok,frog,مٹروک,"maʈróok, maʈʂóok",,liljegren
Phal,9989,meec̣hí,honey,میڇھیۡ,meeʈʂʰí,,liljegren
Phal,9804,méeǰi,"in the middle; in between, among",میجیۡ,méedʑi,,liljegren
Phal,10058,méemi,grandmother; mother's mother,میمیۡ,méemi,,liljegren
Phal,10001,méeši,aunt; mother's sister,میشیۡ,méeɕi,,liljegren
Phal,10286,méeṭi,clay; mud,میٹیۡ,méeʈi,,liljegren
Phal,9935,mháalu,father; parent,مھالوۡ,mháalu,,liljegren
Phal,10066,mhaaríi,to kill,مھاری,mhaaríi,,liljegren
Phal,9796,mhaaróoc̣u,mulberry,مھاروڇوۡ,mhaaróoʈʂo,,liljegren
Phal,9982,mhaás,"meat, piece of flesh",مھاس,mhaás,,liljegren
Phal,9767,mheél,buttermilk (lassi),مھیل,mheél,,liljegren
Phal,9793,mhoóru,sweet; tasty,مھوروۡ,mhoóro,,liljegren
Phal,10323,míi,marrow; animal fat,می,míi,,liljegren
Phal,9828,míiš,man; person,مِیش,míiɕ,,liljegren
biori,9828,méeš,man; person,,,,liljegren
Phal,10133,míla,"to argue, fight, quarrel",مِلہ,míla,,liljegren
Phal,10310,miṇḍ,ram,مِنڈ,miɳɖ,,liljegren
biori,10310,miḍ,ram,,,,liljegren
Phal,10191,móṇḍu,"blunt, pointless",موۡنڈوۡ,móɳɖo,,liljegren
Phal,10058,móomu,grandfather; mother's father,موموۡ,móomo,,liljegren
Phal,10044,móonu,skin bag (from goat skin); balloon,مونوۡ,móono,,liljegren
Phal,10042,móoṇ,nest,موݨ,móoɳ,,liljegren
Phal,10049,móoṇuṣ,"person, human being",موݨُݜ,móoɳuʂ,,liljegren
biori,10049,máaṣ,"person, human being",,,,liljegren
Phal,10264,mring,markhor (generic),مرِنگ,"mriŋɡ, mriŋ",,liljegren
Phal,10151,múča,to rain,مُچہ,mútɕa,,liljegren
biori,10151,múče,to rain,,,,liljegren
Phal,10181,mučóo,"to open, untie",مُچو,mutɕóo,,liljegren
biori,10181,mučúu,"to open, untie",,,,liljegren
Phal,10250,mulái,radish,مُلئیۡ,muléj,,liljegren
Phal,10198,mung,pea; bean,مُنگ,"muŋɡ, muŋ",,liljegren
Phal,10221,múṣṭi,fist; shaft,مُݜٹیۡ,múʂʈi,,liljegren
Phal,10187,muṭ,tree,مُٹ,muʈ,,liljegren
Phal,10221,múṭi,arm,مُٹیۡ,múʈi,,liljegren
Phal,10257,muúl,"price, value",مُول,muúl,,liljegren
biori,10257,mul,"price, value",,,,liljegren
Phal,10261,muuṣoó,elbow,مُوݜو,muuʂoó,,liljegren
Phal,10258,múuṣu,mouse; rat,مُوݜوۡ,múuʂo,,liljegren
Phal,10234,múutr,urine,مُوتر,múutr,,liljegren
Phal,6906,na,not; don't,نہ,na,,liljegren
Phal,6926,náanu,naked,نانوۡ,náanu,,liljegren
Phal,7031,náas,nose,ناس,náas,,liljegren
biori,7031,nas,nose,,,,liljegren
Phal,7580,náaṭa,to dance,ناٹہ,náaʈa,,liljegren
Phal,6983,náawu,new,ناووۡ,náawu,,liljegren
Phal,7047,neeṛíi,root,میڑی,neeɽíi,,liljegren
Phal,7136,nhiáaṛa,"near, near by",نھئاڑہ,njháaɽa,,liljegren
Phal,7136,nhiaáṛ,"near, near by",,,,liljegren
biori,7136,niháaṛa,"near, near by",,,,liljegren
Phal,7138,niaaṭíi,"to shear (wool), shave",نِیاٹی,njaaʈíi,,liljegren
biori,7138,neeṭíi,"to shear (wool), shave",,,,liljegren
Phal,7563,níilu,"green, blue",نِیلوۡ,níilo,,liljegren
Phal,7200,níindra,sleep,نِیندرہ,"níindra, níidra",,liljegren
Phal,7114,nikhíi,to come out; appear; happen,نِکھی,nikʰíi,,liljegren
Phal,7067,nóo,name,نو,nóo,,liljegren
biori,7067,náau,name,,,,liljegren
Phal,6914,nóong,finger-nail,نونگ,nóoŋɡ,,liljegren
biori,6914,náang,finger-nail,,,,liljegren
Phal,13794,nóor,vein,نور,nóor,,liljegren
Phal,7047,nóoṛ,canal; inlet; flume,نوڑ,nóoɽ,,liljegren
biori,7047,náaṛ,canal; inlet; flume,,,,liljegren
Phal,6984,núu,nine,نُو,núu,,liljegren
Phal,422,oočhaá,shady side,اوچھا,ootɕʰaá,,liljegren
Phal,773,ooḍhóol,flood,اوڈھول,ooɖhóol,,liljegren
biori,773,ooḍháal,flood,,,,liljegren
Phal,1236,óomu,unripe; raw,اوموۡ,óomo,,liljegren
biori,1236,úumu,unripe; raw,,,,liljegren
Phal,1103,óoru,peach,اوروۡ,óoro,,liljegren
biori,1103,úuru,peach,,,,liljegren
Phal,7621,páača,"to ripen, become cooked",پاچہ,páatɕa,,liljegren
biori,7621,páače,"to ripen, become cooked",,,,liljegren
Phal,447,páala,to hide,پالہ,páala,,liljegren
biori,447,páale,to hide,,,,liljegren
Phal,7969,paalaá,leaf,پالا,paalaá,,liljegren
Phal,7969,paaloó,leaf,,,,liljegren
Phal,7638,páam,lamb's wool,پام,páam,,liljegren
Phal,7785,páand,"path, road",پاند,"páand, páan",,liljegren
biori,7785,pan,"path, road",,,,liljegren
Phal,7655,páanǰ,five,پانج,páaɲʑ,,liljegren
biori,7655,panǰ,five,,,,liljegren
Phal,7907,páar,last year,پار,páar,,liljegren
biori,7907,par,last year,,,,liljegren
Phal,8012,páaša,to see; notice,پاشہ,páaɕa,,liljegren
biori,8012,páaše,to see; notice,,,,liljegren
Phal,7654,pačóo,to cook,پچو,patɕóo,,liljegren
biori,7654,pačúu,to cook,,,,liljegren
Phal,447,palóo,"to steal, hide sth",پلو,palóo,,liljegren
biori,447,palúu,"to steal, hide sth",,,,liljegren
Phal,7662,panǰíiš,fifteen,پنجِیش,paɲdʑíiɕ,,liljegren
biori,7662,panǰéeš,fifteen,,,,liljegren
Phal,8047,paṇáaru,white,پݨاروۡ,paɳáaru,,liljegren
Phal,7843,parúuṇ,sieve,پرُوݨ,parúuɳ,,liljegren
Phal,8134,pašawóo,to show,پشوو,paɕawóo,,liljegren
biori,8134,pašúu,to show,,,,liljegren
Phal,7700,pátaṛ,bark (of tree),پتڑ,pátaɽ,,liljegren
Phal,7700,páataṛ,bark (of tree),,,,liljegren
Phal,7838,peeróoṇ,shirt,پیروݨ,peeróoɳ,,liljegren
biori,7838,peeráaṇ,shirt,,,,liljegren
Phal,9058,phaalíi,"to tear, break (apart), cut (into pieces)",پھالی,pʰaalíi,,liljegren
Phal,9090,pháapu,lung,پھاپوۡ,pʰáapu,,liljegren
Phal,7721,phaaṭuríi,butterfly,پھاٹُری,pʰaaʈuríi,,liljegren
Phal,9063,phaág,fig,پھاگ,pʰaáɡ,,liljegren
Phal,9051,phalúuṛu,grain,پھلُوڑوۡ,pʰalúuɽo,,liljegren
Phal,8100,phará,"yonder, over there",پھرہ,pʰará,,liljegren
Phal,13831,phéda,"to arrive, reach",پھیۡدہ,pʰéda,,liljegren
biori,13831,phéde,"to arrive, reach",,,,liljegren
Phal,13830,pheendúuru,large wooden spade; shovel,پھیندُوروۡ,pʰeendúuro,,liljegren
Phal,9089,phéepi,aunt; father's sister,پھیپیۡ,pʰéepi,,liljegren
Phal,9108,phiíṇ,steam; vapour,پِھیݨ,pʰiíɳ,,liljegren
Phal,8399,phoó,boy; son,پھو,pʰoó,,liljegren
Phal,9072,phóol,ploughshare,پھول,pʰóol,,liljegren
biori,9072,pháal,ploughshare,,,,liljegren
Phal,9083,phúngu,moustache; whisker,پُھنگوۡ,pʰúŋɡo,,liljegren
Phal,8310,phusóo,to get rid of,پُھسو,pʰusóo,,liljegren
biori,8310,phusúu,to get rid of,,,,liljegren
Phal,9085,phútu,fly,پُھتوۡ,pʰúto,,liljegren
Phal,9102,phuukíi,to blow,پُھوکی,pʰuukíi,,liljegren
Phal,13858,phúuṭa,"to break (apart), crack",پُھوٹہ,pʰúuʈa,,liljegren
biori,13858,phúuṭe,"to break (apart), crack",,,,liljegren
Phal,8146,pičhóo,"to sweep, dust, clean, wipe; scratch (out)",پِچھو,pitɕʰóo,,liljegren
biori,8146,pičhúu,"to sweep, dust, clean, wipe; scratch (out)",,,,liljegren
Phal,8142,píiṣa,to grind,پِیݜہ,píiʂa,,liljegren
biori,8142,píiṣe,to grind,,,,liljegren
Phal,8209,píla,to drink,پِلہ,píla,,liljegren
biori,8209,píle,to drink,,,,liljegren
Phal,8201,pilíilu,ant,پِلِیلوۡ,pilíilo,,liljegren
Phal,8168,píṇi,calf (of leg),پِݨیۡ,píɳi,,liljegren
Phal,8306,pišíik,flower,پِشِیک,piɕíik,,liljegren
Phal,8306,piišíik,flower,,,,liljegren
biori,8306,phušíik,flower,,,,liljegren
Phal,8188,pitrí,uncle; father's brother; father's cousin,پِتریۡ,pitrí,,liljegren
Phal,8139,póoṣ,dung (from domestic animals),پوݜ,póoʂ,,liljegren
biori,8139,páaṣ,dung (from domestic animals),,,,liljegren
Phal,8956,práaču,guest (male or generic),پراچوۡ,práatɕu,,liljegren
Phal,8711,práal,light,پرال,práal,,liljegren
biori,8711,pral,light,,,,liljegren
Phal,7948,práašu,ribs,پراشوۡ,práaɕu,,liljegren
Phal,8898,prašpíili,sweat,پرشپِیلیۡ,praɕpíili,,liljegren
Phal,12759,preṣ,mother-in-law; husband's or wife's mother,پریۡݜ,preʂ,,liljegren
biori,12759,ipréṣ,mother-in-law; husband's or wife's mother,,,,liljegren
Phal,9029,príiṇṣu,flea,پرِینݜوۡ,prĩ́ĩṇṣo,,liljegren
Phal,8283,puróoṇu,old,پُروݨوۡ,puróoɳo,,liljegren
biori,8283,purúuṇu,old,,,,liljegren
Phal,8298,púši,cat,پُشیۡ,púɕi,,liljegren
Phal,8342,puunǰí,full,پُونجیۡ,puuɲdʑí,,liljegren
Phal,8335,puuríi,"to fill, load",پُوری,puuríi,,liljegren
Phal,8417,púutri,granddaughter; son's daughter,پُوتریۡ,púutri,,liljegren
Phal,8416,púutru,grandson; son's son,پُوتروۡ,púutro,,liljegren
Phal,10582,ráaǰ,rope,راج,ráadʑ,,liljegren
biori,10582,rhaǰ,rope,,,,liljegren
Phal,2208,ráal,high,رال,ráal,,liljegren
Phal,10539,ráat,blood,رات,ráat,,liljegren
biori,10539,rat,blood,,,,liljegren
Phal,10702,raát,night (as a measure of time); 24-hour period,رات,raát,,liljegren
Phal,10867,reemáts,fish,ریمڅ,reemáts,,liljegren
Phal,10840,ríi,to weep,ری,ríi,,liljegren
Phal,10856,rúuṣ,anger,رُوݜ,rúuʂ,,liljegren
Phal,13254,sáar,"lake, pond, puddle",سار,sáar,,liljegren
biori,13254,sar,"lake, pond, puddle",,,,liljegren
Phal,13871,saaróoṇu,brother-in-law; a woman's sister's husband,ساروݨوۡ,saaróoɳo,,liljegren
Phal,13139,sáat,seven,سات,sáat,,liljegren
biori,13139,sat,seven,,,,liljegren
Phal,13363,sáatru,"low (about building, etc.)",ساتروۡ,sáatru,,liljegren
Phal,13190,samaṭíi,"to collect, gather, call together",سمٹی,samaʈíi,,liljegren
Phal,12975,samóo,"to build, put together, construct, design",سمو,samóo,,liljegren
Phal,13082,sangí,"(along) with; at, by; to",سنگیۡ,saŋɡí,,liljegren
Phal,13331,saṇḍá,buffalo bull,سنڈہ,saɳɖá,,liljegren
biori,13331,saṇḍaá,buffalo bull,,,,liljegren
Phal,13146,satóoš,seventeen,ستوش,satóoɕ,,liljegren
biori,13146,satáaš,seventeen,,,,liljegren
Phal,13073,séeti,thigh,سیتیۡ,séeti,,liljegren
Phal,13902,síi,to sleep,سی,síi,,liljegren
Phal,13481,síin,dream,سِین,síin,,liljegren
Phal,13585,síiu,bridge,سِیو,síiw,,liljegren
Phal,13444,síla,to sew,سِلہ,síla,,liljegren
biori,13444,síle,to sew,,,,liljegren
Phal,13693,síndu,wet,سِندوۡ,síndo,,liljegren
Phal,13386,sígal,"sand (fine, black)",سِگل,síɡal,,liljegren
Phal,12815,so,the; that (agr: rem nom masc),سوۡ,so,,liljegren
Phal,13137,sooṇíi,river,سوݨی,sooɳíi,,liljegren
Phal,13355,soór,ice; hard snow,سور,soór,,liljegren
Phal,13468,suthaán,trousers,سُتھان,sutʰaán,,liljegren
biori,13468,suthán,trousers,,,,liljegren
Phal,13574,súuri,sun,سُوریۡ,súuri,,liljegren
Phal,13561,súutr,thread,سُوتر,súutr,,liljegren
Phal,13604,súutri,female (about animals),سُوتریۡ,súutri,,liljegren
Phal,12379,šaák,wood,شاک,ɕaák,,liljegren
Phal,12329,šaraál,autumn,شرال,ɕaraál,,liljegren
biori,12329,šarál,autumn,,,,liljegren
Phal,12331,šarái,she-deer; female markhor,شرئیۡ,ɕaréj,,liljegren
Phal,12331,šaréi,she-deer; female markhor,,,,liljegren
Phal,12415,šéeli,rice plant,شیلیۡ,ɕéeli,,liljegren
Phal,12664,šéemi,spleen,شیمیۡ,ɕéemi,,liljegren
Phal,12487,šidáalu,cold,شِدالوۡ,ɕidáalu,,liljegren
Phal,12323,šíin,"bed (charpoy, string bed)",شِین,ɕíin,,liljegren
biori,12323,šéen,"bed (charpoy, string bed)",,,,liljegren
Phal,12707,šíiṭi,"inside, in; into",شِیٹیۡ,ɕíiʈi,,liljegren
Phal,12748,šilúuk,"story, tale",شِلُوک,ɕilúuk,,liljegren
biori,12748,šiláak,"story, tale",,,,liljegren
Phal,12642,šišáwu,beautiful,شِشووۡ,ɕiɕówo,,liljegren
Phal,12532,šóo,good,شو,ɕóo,,liljegren
Phal,12532,šuy,good,,,,liljegren
Phal,12370,šóo,edible plant or vegetable (generic),شو,ɕóo,,liljegren
Phal,12260,šóong,branch (of tree),شونگ,ɕóoŋɡ,,liljegren
biori,12260,šáang,branch (of tree),,,,liljegren
Phal,12618,šoorúṇḍu,orphan (male),شورُنڈوۡ,ɕoorúɳɖo,,liljegren
Phal,13878,šumaáṇ,trouser-cord,شُماݨ,ɕumaáɳ,,liljegren
Phal,12516,šúṇḍi,lip,شُنڈیۡ,ɕúɳɖi,,liljegren
Phal,12709,šúṛi,ladder,شُڑیۡ,ɕúɽi,,liljegren
Phal,12548,šúša,to dry (out),شُشہ,ɕúɕa,,liljegren
biori,12548,šúše,to dry (out),,,,liljegren
Phal,12753,šúur,father-in-law; husband's or wife's father,شُور,ɕúur,,liljegren
biori,12753,šáar,father-in-law; husband's or wife's father,,,,liljegren
Phal,13085,ṣáača,"to climb, get up; appear, arise, spread",ݜاچہ,ʂáatɕa,,liljegren
biori,13085,ṣáače,"to climb, get up; appear, arise, spread",,,,liljegren
Phal,13576,ṣáak,rear shoulder,ݜاک,ʂáak,,liljegren
Phal,13085,ṣaawóo,"to turn on, light; dress sb",ݜاوو,ʂaawóo,,liljegren
biori,13085,ṣaawúu,"to turn on, light; dress sb",,,,liljegren
Phal,12717,ṣíiṛu,blind (person),ݜِیڑوۡ,ʂíiɽo,,liljegren
Phal,12583,ṣing,horn,ݜِنگ,"ʂiŋ, ʂiŋɡ",,liljegren
Phal,12497,ṣiṣ,head; hair,ݜِݜ,ʂiʂ,,liljegren
Phal,12803,ṣo,six,ݜوۡ,ʂo,,liljegren
Phal,13085,ṣóo,"to put on, wear",ݜو,ʂóo,,liljegren
biori,13085,ṣúu,"to put on, wear",,,,liljegren
Phal,12812,ṣoṛíiš,sixteen,ݜوۡڑِیش,ʂoɽíiɕ,,liljegren
biori,12812,ṣoṛéeš,sixteen,,,,liljegren
Phal,12598,ṣúṇa,"to listen, hear",ݜُݨہ,ʂúɳa,,liljegren
Phal,12572,ṣúuṛu,hole,ݜُوڑوۡ,ʂúuɽo,,liljegren
Phal,5679,táatu,hot,تاتوۡ,táatu,,liljegren
Phal,5731,talíi,foot-sole,تلی,talíi,,liljegren
Phal,5684,tapíǰa,"to be heated up, become hot",تپِجہ,tapídʑa,,liljegren
Phal,5612,tas,him; her; it (rem acc),تس,tas,,liljegren
biori,5612,tes,him; her; it (rem acc),,,,liljegren
Phal,5618,téec̣i,wood chisel,تیڇیۡ,téetɕi,,liljegren
Phal,5766,teeṇíi,self's; one's,تیݨی,teeɳíi,,liljegren
Phal,13756,thíi,"to do, make",تھی,tʰíi,,liljegren
Phal,6097,thúki,"saliva, spit",تُھکیۡ,tʰúki,,liljegren
Phal,13776,thúlu,fat (about animals),تُھلوۡ,tʰúlo,,liljegren
Phal,13775,thúri,heel,تُھریۡ,tʰúri,,liljegren
Phal,13774,thúuṇi,pillar,تُھوݨیۡ,tʰúuɳi,,liljegren
Phal,5839,tíiṇu,sharp,تِیݨوۡ,tíiɳo,,liljegren
Phal,5836,tíla,to walk,تِلہ,tíla,,liljegren
biori,5836,tíle,to walk,,,,liljegren
Phal,5979,toolíi,"to weigh, measure",تولی,toolíi,,liljegren
Phal,5798,tóoru,star,توروۡ,tóoro,,liljegren
biori,5798,túuru,star,,,,liljegren
Phal,5664,traambú,wasp,ترامبوۡ,traambú,,liljegren
Phal,5664,bhúmbur,wasp,,,,liljegren
Phal,6001,tríiš,thirteen,ترِیش,tríiɕ,,liljegren
biori,6001,tréeš,thirteen,,,,liljegren
Phal,5936,triṣ,thirst,ترِݜ,triʂ,,liljegren
Phal,5938,tríṣṭu,"sour, bitter",ترِݜٹوۡ,tríʂʈo,,liljegren
Phal,5994,tróo,three,ترو,tróo,,liljegren
biori,5994,trúu,three,,,,liljegren
Phal,5912,trúnǰi,day after tomorrow,ترُنجیۡ,trúɲdʑi,,liljegren
Phal,5889,tu,you (2sg nom subject or direct object),توۡ,tu,,liljegren
Phal,10511,tus,you (2pl nom),تُس,tus,,liljegren
Phal,14571,tuumboó,mill turbine,تُومبو,tuumboó,,liljegren
Phal,5850,tuúš,"some, a little; a bit, slightly",تُوش,tuúɕ,,liljegren
Phal,5429,ṭaangúuṛu,pear,ٹانگُوڑوۡ,ʈaaŋɡúuɽo,,liljegren
Phal,5492,ṭhaaṭéeki,"ogress, female demon; witch",ٹھاٹیکیۡ,ʈʰaaʈéeki,,liljegren
Phal,5427,ṭhóngi,axe,ٹھوۡنگیۡ,ʈʰóŋɡi,,liljegren
Phal,14534,ṭíinkur,grasshopper,ٹِینکُر,ʈíiŋkur,,liljegren
Phal,2046,úbu,light (of weight),اُبوۡ,úbo,,liljegren
Phal,2540,úču,few; a little,اُچوۡ,útɕo,,liljegren
Phal,2020,uḍhíiwa,"to flee, run away; escape, disappear",اُڈِھیوہ,uɖʰíiwa,,liljegren
biori,2020,uḍhíiwe,"to flee, run away; escape, disappear",,,,liljegren
Phal,2263,ukhíi,"to come up, come or go uphill/upstream",اُکھی,"ukʰíi, kʰwíi",,liljegren
Phal,2263,khuíi,"to come up, come or go uphill/upstream",,,,liljegren
Phal,1962,ungúru,heavy,اُنگُروۡ,uŋɡúro,,liljegren
Phal,2038,urbhíi,"to fly, flutter",اُربھی,urbhíi,,liljegren
Phal,1697,uṛíi,"to pour, let out; let loose, allow",اُڑی,uɽíi,,liljegren
Phal,2266,uṣṭúm,yoke,اُݜٹُم,uʂʈúm,,liljegren
Phal,2266,iṣṭúm,yoke,,,,liljegren
Phal,1804,utháalu,"high; tall (structure, etc.)",اُتھالوۡ,utʰáalu,,liljegren
Phal,1900,uthíi,"to stand, get up",اُتھی,utʰíi,,liljegren
Phal,1782,utráapa,to run,اُتراپہ,utráapa,,liljegren
biori,1782,utráape,to run,,,,liljegren
Phal,1869,uts,spring (of water),اُڅ,uts,,liljegren
Phal,841,whíi,"to come down, come or go downhill/downstream",وھی,whíi,,liljegren
Phal,1921,wíi,water,وی,wíi,,liljegren
Phal,10442,yáab,irrigation canal,یاب,jáab,,liljegren
biori,10442,yab,irrigation canal,,,,liljegren
Phal,10412,yáandr,mill,یاندر,"jáandr̥, jáandrə",,liljegren
biori,10412,yandr,mill,,,,liljegren
Phal,1351,yéei,mother,ییئیۡ,jéej,,liljegren
biori,1351,yái,mother,,,,liljegren
Phal,10452,yhíi,"to come, arrive; become, come into existence",یھی,jhíi,,liljegren
biori,10452,yíi,"to come, arrive; become, come into existence",,,,liljegren
Phal,2512,yíiṛi,"sheep, ewe",یِیڑیۡ,jíiɽi,,liljegren
biori,2512,íiṛi,"sheep, ewe",,,,liljegren
Phal,10431,yúu,barley,یُو,júu,,liljegren
Phal,5301,yúun,moon; month,یُون,júun,,liljegren
Phal,10496,yúuṛu,twin (person),یُوڑوۡ,júuɽo,,liljegren
Phal,5098,zaán,self,زان,zaán,,liljegren
Phal,5098,ǰaán,self,,,,liljegren
Phal,5200,ẓamí,brother-in-law; sister's husband,ڙمیۡ,ʐamí,,liljegren
Phal,3164,ga,"any; what (kind), which",گہ,ɡa,,liljegren
Phal,4118,gáaḍu,"big, large; grown, old; great; adult (man), elder",گاڈوۡ,ɡáaɖu,,liljegren
Phal,4457,galíi,"to throw, lay, put; leave",گلی,ɡalíi,,liljegren
Phal,4396,geerái,necklace,گیرئیۡ,ɡeeráj,,liljegren
Phal,14464,geerái,necklace,گیرئیۡ,ɡeeráj,,liljegren
Phal,4424,gháanu,"large, big",گھانوۡ,ɡháanu,,liljegren
Phal,4147,ghaáu,cow,گھاؤ,ɡʰaáw,,liljegren
biori,4147,gháu,cow,,,,liljegren
Phal,4119,ghaḍeeró,older; older one; elder,گھڈیروۡ,"ɡhaɖeeró, ɡaɖheeró",,liljegren
Phal,4119,gaḍheeró,older; older one; elder,,,,liljegren
biori,4119,ghaḍeerú,older; older one; elder,,,,liljegren
Phal,4353,ghaṇḍíi,"to fasten, tie",گھنڈی,ɡhaɳɖíi,,liljegren
Phal,4450,ghašíi,"to catch, take; hold",گھشی,ɡhaɕíi,,liljegren
Phal,4501,ghiíṛ,ghee; semi-liquid butter (used for cooking),گِھیڑ,ɡhiíɽ,,liljegren
Phal,4236,ghína,"to take, get, seize; buy",گِھنہ,ɡhína,,liljegren
biori,4236,ghíne,"to take, get, seize; buy",,,,liljegren
Phal,4287,ghoóm,wheat,گھوم,ɡhoóm,,liljegren
Phal,4336,ghoóṣṭ,"house, home",گھوݜٹ,ɡhoóʂʈ,,liljegren
Phal,4362,ghraást,wolf (or predatory animal in general),گھراست,ɡrhaást,,liljegren
biori,4362,ghrast,wolf (or predatory animal in general),,,,liljegren
Phal,4354,ghreéṇḍ,knot,گھرینڈ,ɡrheéɳɖ,,liljegren
Phal,4231,ghríinǰu,eagle,گھرِینجوۡ,ɡrhíiɲdʑo,,liljegren
Phal,4104,ghroók,worm,گھروک,ɡrhoók,,liljegren
Phal,14442,ghroók,worm,گھروک,ɡrhoók,,liljegren
biori,4104,ghroónk,worm,,,,liljegren
biori,14442,ghroónk,worm,,,,liljegren
Phal,4368,ghróom,"village; permanent settlement (in contrast with sóon 'summer pasture'); Ashret proper, also atshareét xaás",گھروم,ɡrhóom,,liljegren
biori,4368,ghráam,"village; permanent settlement (in contrast with sóon 'summer pasture'); Ashret proper, also atshareét xaás",,,,liljegren
Phal,4531,ghróoṇ,foul smell,گھروݨ,ɡrhóoɳ,,liljegren
Phal,1971,ghuáaṛa,to boil,گھوۡاڑہ,"ɡwháaɽa, uɡháaɽa",,liljegren
biori,1971,ugháaṛe,to boil,,,,liljegren
Phal,4516,ghúuṛi,mare,گُھوڑیۡ,ɡhúuɽi,,liljegren
Phal,4516,ghúuṛu,"horse (generic), stallion",گُھوڑوۡ,ɡhúuɽo,,liljegren
Phal,4474,gíra,to turn around; turn into; walk (around); run,گِرہ,ɡíra,,liljegren
biori,4474,gíre,to turn around; turn into; walk (around); run,,,,liljegren
Phal,3384,góo,"where, somewhere",گو,ɡóo,,liljegren
biori,3384,gúu,"where, somewhere",,,,liljegren
Phal,4479,gúṛi,thigh,گُڑیۡ,ɡúɽi,,liljegren
Phal,4255,gúu,"bull, ox",گُو,ɡúu,,liljegren
Phal,4321,gúuli,"bread; food, meal",گُولیۡ,ɡúuli,,liljegren
Phal,14457,gúuli,"bread; food, meal",گُولیۡ,ɡúuli,,liljegren
