PDr,d320,*aṯ-,,,,,kobayashi2022
PDr,d320,*aṯ-t-,,,,,kobayashi2022
PDr,d600,*uṇ-t-,to drink,,,,kobayashi2022
PDr,d7,*akam,inside,,,,krishnamurti
PDr,d7,*aka-ppaṭu,to be included,,,,krishnamurti
PDr,d11,*akaẓ-tt-ay,moat,,,,krishnamurti
PDr,d23,*akka-,elder sister,,,,krishnamurti
PDr,d55,*añc-,to fear,,,SDI,krishnamurti
PDr,d55,*añc-al,fear,,,SDI,krishnamurti
PDr,d55,*añc-c(-am),fear,,,SDI,krishnamurti
PDr,d63,*aṭ-a-nk-,"to be compressed, hidden",,,PSD,krishnamurti
PDr,d63,*aṭ-a-nkk-,"to control, hide",,,PSD,krishnamurti
PDr,d64,*aṭ-a-ppay,betel pouch,,,,krishnamurti
PDr,d88,*aṭ-ay-kkāy,areca nut,,,,krishnamurti
PDr,d72,*aṭ-V,"foot, bottom, base",,,SDI,krishnamurti
PDr,d72,*aṭ-Vk,"foot, bottom, base",,,SDII,krishnamurti
PDr,d72,*aṭ-Vk,"foot, bottom, base",,,CD,krishnamurti
PDr,d76,*aṭṭu,pancake,,,,krishnamurti
PDr,d96,*aṇ-ṭṭ-,"to adhere, stick",,,,krishnamurti
PDr,d131,*aṇṇa-,elder brother,,,,krishnamurti
PDr,d314,*aṯ-V-,to know,,,,krishnamurti
PDr,d1,*aṯṯ-,"that place, manner",,,,krishnamurti
PDr,d1,*āṯṯ-,"that place, manner",,,,krishnamurti
PDr,d1,*a-tu,"3neu sg",,,SDI,krishnamurti
PDr,d142,*atta-,maternal/paternal aunt,,,,krishnamurti
PDr,d1,*a-n(V)k-,that place/time/much/many/manner,,,,krishnamurti
PDr,d1,*ā-n(V)k,that place/time/much/many/manner,,,,krishnamurti
PDr,d1,*ā-t-,that place/time/much/many/manner,,,,krishnamurti
PDr,d1,*ā-tt-,that place/time/much/many/manner,,,,krishnamurti
PDr,d1,*a-nV,"there, then",,,,krishnamurti
PDr,d1,*a-nṯu,"that day, then",,,SDI,krishnamurti
PDr,d156,*appa-,father,,,,krishnamurti
PDr,d155,*app-am,rice cake,,,,krishnamurti
PDr,,*ap-pōẓ,"that time, then",,,,krishnamurti
PDr,d174,*amp-ali,porridge,,,SDII,krishnamurti
PDr,d17,*ampu,arrow,,,,krishnamurti
PDr,d177,*amp-i,boat,,,,krishnamurti
PDr,d1,*a-mpV,there,,,PSD,krishnamurti
PDr,d183,*amm-a,mother,,,,krishnamurti
PDr,d156,*appa-,father,,,,krishnamurti
PDr,d202,*ar-ac,pipal tree,,,,krishnamurti
PDr,d202,*ar-aḷ,pipal tree,,,,krishnamurti
PDr,d216,*ar-i,a kind of tax,,,,krishnamurti
PDr,d205,*ar-Vṇṭṭi,"banana, plantain",,,SDII,krishnamurti
PDr,,*al-,"to be not",,,SDI,krishnamurti
PDr,,*al-a-nk,"to shake",,,,krishnamurti
PDr,,*a-l(l)V,"that place",,,,krishnamurti
PDr,d1,*aw-anṯu,"he, that man",,,3m sg (nom),krishnamurti
PDr,d1,*awan-,"he, that man",,,obl,krishnamurti
PDr,d1,*aw-aḷ,3f sg,,,SDI,krishnamurti
PDr,d73,*aww-a,"mother, grandmother",,,,krishnamurti
PDr,d300,*aḷ-amp-,mushroom,,,,krishnamurti
PDr,d297,*aḷ-V-kk-,to sacrifice,,,,krishnamurti
PDr,,*aẓ-i-,to perish,,,,krishnamurti
PDr,,*aẓ-i-ntt-,to perish,,,past transitive,krishnamurti
PDr,,*aẓ-i-mpp-,to perish,,,non-past transitive,krishnamurti
PDr,d1,*aH-,that,,,distal,krishnamurti
PDr,d1,*ā-,that,,,distal,krishnamurti
PDr,d1,*a-tu,she/it,,,hum f and non-hum,krishnamurti
PDr,d1,*aw-ay,they,,,non-men/non-hum,krishnamurti
PDr,d1,*aw-ar,men/persons,,,hum,krishnamurti
PDr,d1,*aw-aḷ,she,,,hum f,krishnamurti
PDr,d868,*aHn-,"to say; quotative marker",,,"> a(y)n- > e(y)n- > i(y)n-, ān-",krishnamurti
PDr,d333,*ā-,"to be, become",,,,krishnamurti
PDr,d333,*ā-k-,to be,,,,krishnamurti
PDr,d333,*ā-kk-,to make,,,,krishnamurti
PDr,d333,*ān-,to be,,,,krishnamurti
PDr,d333,*an-,to be,,,,krishnamurti
PDr,d333,*ā-p-,to become,,,,krishnamurti
PDr,d333,*ā-pp-,to make,,,,krishnamurti
PDr,d347,*āṭ-u,"to play, dance",,,,krishnamurti
PDr,d347,*āṭṭ-u,,,,"n., < *āṭ + t-",krishnamurti
PDr,d404,*āṯ-,"to become cool, to dry up",,,,krishnamurti
PDr,,*āṯ(ṯ)-,1pl incl nom,,,,krishnamurti
PDr,d359,*ānt-ay,owl,,,SDI,krishnamurti
PDr,d334,*ām-,cow,,,,krishnamurti
PDr,d334,*ān-,cow,,,,krishnamurti
PDr,d364,*āy,mother,,,,krishnamurti
PDr,d368,*ār-āy,to investigate,,,SDI,krishnamurti
PDr,d368,*ār-āy-cci,research,,,SDI,krishnamurti
PDr,d5265,*ār-ak-,millet,,,,krishnamurti
PDr,d5265,*ar-ak-,millet,,,,krishnamurti
PDr,d382,*āl,banyan tree,,,,krishnamurti
PDr,d399,*āḷ,man/woman,,,,krishnamurti
PDr,d442,*iṭ-u-,"to put, place",,,*iṭ-ṭ-,krishnamurti
PDr,d529,*iṯ-ay-cci,meat,,,,krishnamurti
PDr,d530,*in-,sweet,,,adj/n,krishnamurti
PDr,,*i-nṯu,"today, now",,,,krishnamurti
PDr,d480,*ir-,to be,,,SDI; copular verb,krishnamurti
PDr,d480,*ir-u-wu,a place to be,,,SDII,krishnamurti
PDr,d485,*ir-u-ppay,mahua tree,,,,krishnamurti
PDr,d546,*ir-Vl,liver,,,SDI,krishnamurti
PDr,d546,*ir-Vw,liver,,,SDI,krishnamurti
PDr,d494,*il,house,,,,krishnamurti
PDr,d494,*iẓi-,to descend,,,,krishnamurti
PDr,d494,*iẓi-nt-,,,,past intransitive,krishnamurti
PDr,d494,*iẓi-ntt-,,,,past transitive,krishnamurti
PDr,d494,*iẓi-(m)p-,,,,non-past intransitive,krishnamurti
PDr,d494,*iẓi-(m)pp-,,,,non-past transitive,krishnamurti
PDr,d410,*iH-,this,,,proximal,krishnamurti
PDr,d410,*ī,this,,,proximal,krishnamurti
PDr,d410,*i-tu,this thing/woman,,,,krishnamurti
PDr,d410,*iw-anṯu,this man,,,,krishnamurti
PDr,d410,*iw-ay,these things/women,,,,krishnamurti
PDr,d410,*iw-ar,these men/persons,,,,krishnamurti
PDr,d410,*iw-aḷ,this woman,,,,krishnamurti
PDr,d533,*ī,fly,,,,krishnamurti
PDr,d474,*īr,two,,,,krishnamurti
PDr,d474,*ir-V,two,,,,krishnamurti
PDr,d474,*ir-aṇ-ṭu,two,,,3n-m pl,krishnamurti
PDr,d474,*iru-war,two persons,,,,krishnamurti
PDr,d549,*īẓam,toddy,,,SDI,krishnamurti
PDr,d549,*īẓa-wanṯ-,toddy-tapper,,,SDI,krishnamurti
PDr,d561,*ukir,"finger nail, toe-nail",,,SDI,krishnamurti
PDr,d561,*gōr,"finger nail, toe-nail",,,"SDII, CD, Br",krishnamurti
PDr,d561,*kōr,"finger nail, toe-nail",,,"SDII, CD, Br",krishnamurti
PDr,d561,*or-kk-,"finger nail, toe-nail",,,ND,krishnamurti
PDr,d645,*uc-V-,to breathe,,,,krishnamurti
PDr,d645,*uc-Vr,,,,,krishnamurti
PDr,d592,*uṭ-ump-,iguana,,,,krishnamurti
PDr,d600,*uṇ-,to drink,,,,krishnamurti
PDr,d651,*uram-kkal,"grinding stone, pestle",,,,krishnamurti
PDr,,*ur-ay,to rub,,,,krishnamurti
PDr,d572,*ula-kk-V,pestle,,,,krishnamurti
PDr,d697,*uḷ-,"to be, to have",,,,krishnamurti
PDr,d697,*uṇṭ-u,"is, are",,,< *uḷ-nt-,krishnamurti
PDr,,*uḷḷ-am,"mind, inside one",,,,krishnamurti
PDr,d705,*uḷḷi,onion,,,,krishnamurti
PDr,d690,*uẓ-untu,black gram,,,,krishnamurti
PDr,d694,*uẓ-u-pp-,stag,,,,krishnamurti
PDr,d692,*uẓ-uw-,tiger,,,SDII,krishnamurti
PDr,d688,*uẓ-V-,to plough,,,,krishnamurti
PDr,d688,*uẓ-a-tti,farming,,,,krishnamurti
PDr,d600,*uHṇ-,"to eat, drink",,,"(past *uṇ-ṭ-, *uṇ-ṭṭ-)",krishnamurti
PDr,d600,*ūṇ-,"to eat, drink",,,"(past *uṇ-ṭ-, *uṇ-ṭṭ-)",krishnamurti
PDr,d600,*ūṭṭ-,to give to eat or drink,,,"< *uHṇ-tt-",krishnamurti
PDr,d557,*uH,yonder,,,,krishnamurti
PDr,d557,*ū,yonder,,,,krishnamurti
PDr,d728,*ū,meat,,,,krishnamurti
PDr,d728,*uy,meat,,,,krishnamurti
PDr,d752,*ūr,"habitation, village, town",,,,krishnamurti
PDr,d793,*eṇ,to count,,,,krishnamurti
PDr,d783,*eṇ,eight,,,adj,krishnamurti
PDr,d783,*eṇ-ṭṭu,eight,,,3n-m pl,krishnamurti
PDr,d527,*eṯ-ay-anṯu,"chief, king",,,,krishnamurti
PDr,d865,*eṯ-V-,red,,,SDII,krishnamurti
PDr,d533,*et-V-y,prawn,,,,krishnamurti
PDr,d780,*enk-,"to remain, be left over",,,palatalisation in SD I + Konda as *eñc-,krishnamurti
PDr,d780,*enk-al,"left over food",,,,krishnamurti
PDr,d869,*en-ṯ-,sun,,,,krishnamurti
PDr,d815,*er-utu,ox,,,,krishnamurti
PDr,d816,*er-umV-,buffalo,,,,krishnamurti
PDr,d497,*el-ay,leaf,,,PSD,krishnamurti
PDr,d833,*el-i,rat,,,,krishnamurti
PDr,d829,*el,"sun, sunshine",,,,krishnamurti
PDr,d829,*en-ṯu,"sun, sunshine",,,,krishnamurti
PDr,d839,*el-V-mp,bone,,,,krishnamurti
PDr,d839,*el-V-nk,bone,,,,krishnamurti
PDr,,*elli,tomorrow,,,,krishnamurti
PDr,d844,*ell-V,all,,,,krishnamurti
PDr,d513,*eḷ-V-,"young, tender",,,,krishnamurti
PDr,d857,*eḷ-V-ñc-,black bear,,,,krishnamurti
PDr,d910,*eẓ-V,seven,,,adj,krishnamurti
PDr,d910,*ēẓ,seven,,,3n-m pl,krishnamurti
PDr,d765,*ēk-,to gin cotton,,,,krishnamurti
PDr,d765,*eHk-,to gin cotton,,,,krishnamurti
PDr,d917,*ēṯu,"ox, bull",,,,krishnamurti
PDr,d912,*ēl,"mind, reason, knowledge",,,,krishnamurti
PDr,d907,*ēl-V-,cardamom,,,,krishnamurti
PDr,d506,*ēẓ-,to spin,,,,krishnamurti
PDr,d506,*eẓ-V-,to spin,,,,krishnamurti
PDr,d924,*o-,to be suitable,,,,krishnamurti
PDr,d924,*o-kk-,,,,,krishnamurti
PDr,d924,*o-pp-,,,,,krishnamurti
PDr,d924,*o-mp-,,,,,krishnamurti
PDr,d924,*o-ww-,,,,,krishnamurti
PDr,d924,*okku,to be together,,,,krishnamurti
PDr,d924,*okk-al,relatives,,,,krishnamurti
PDr,d561,*ok-Vr,finger/toe nail,,,,krishnamurti
PDr,d561,*kō-r,finger/toe nail,,,,krishnamurti
PDr,d990,*okk-,one,,,CD + Tel.,krishnamurti
PDr,d946,*oṭ-ay,to break,,,PSD,krishnamurti
PDr,d585,*oṭ-al,body,,,PSD,krishnamurti
PDr,d954,*oṭ-unku,to be restrained,,,,krishnamurti
PDr,d2977,*oṭ-Vkk-,chameleon,,,,krishnamurti
PDr,d707,*oṯ-a-nku,to sleep,,,PSD,krishnamurti
PDr,d990,*on-ṯu,one,,,,krishnamurti
PDr,d1025,*on-patV,ten minus one,,,SDI,krishnamurti
PDr,d984,*oy-,to carry,,,,krishnamurti
PDr,d697,*oḷ-an,house,,,PGondi; see uḷ- ‘to be’,krishnamurti
PDr,d1012,*oẓ-ukk-,to spin,,,,krishnamurti
PDr,d1041,*ōṭu,to flee,,,v.i.,krishnamurti
PDr,d1041,*ōṭṭam,defeat,,,,krishnamurti
PDr,d1052,*ōtu,"to recite, read",,,,krishnamurti
PDr,d1053,*ōntti,bloodsucker lizard,,,,krishnamurti
PDr,d990,*ōr-,one,,,adj,krishnamurti
PDr,d990,*or-V-,one,,,adj,krishnamurti
PDr,d1249,*kac,to be bitter,,,> *kay,krishnamurti
PDr,d1104,*kañci,gruel,,,,krishnamurti
PDr,d1147,*kaṭ-,"to tie, bind",,,,krishnamurti
PDr,d1147,*kaṭṭ-,"to tie, bind",,,,krishnamurti
PDr,d1147,*kaṭṭ-ay,"a dam",,,,krishnamurti
PDr,d1123,*kaṭ-ac-,"male of cattle, heifer",,,,krishnamurti
PDr,d1116,*kaṭ-ampu,<i>Anthocephalus cadamba</i>,,,,krishnamurti
PDr,,*kaṭ-ay,"end, place",,,,krishnamurti
PDr,d1118,*kaṭ-al,"sea, ocean",,,,krishnamurti
PDr,d1135,*kaṭ-V-,"be bitter, pungent",,,,krishnamurti
PDr,d114,*kaṭ-V-,wild buffalo,,,,krishnamurti
PDr,d1114,*kaṭ-V-ñcc,stag,,,,krishnamurti
PDr,d1114,*kaṭ-V-ntt,stag,,,,krishnamurti
PDr,d1159,*kaṇ,eye,,,,krishnamurti
PDr,d1159+d3690,*kaṇ-ṇīr,tear,,,,krishnamurti
PDr,d1173,*kaṇṭ-anṯu,"husband, warrior",,,SDI,krishnamurti
PDr,d1204,*katti,knife,,,,krishnamurti
PDr,d1407,*kan-acV,"dream, to dream",,,,krishnamurti
PDr,d1221,*kap-,to cover,,,,krishnamurti
PDr,d1221,*kapp-,to cover,,,,krishnamurti
PDr,d1221,*kaw-V,to cover,,,,krishnamurti
PDr,d1224,*kapp-a,frog,,,,krishnamurti
PDr,d1218,*kapp-am,"a kind of tax, tribute",,,,krishnamurti
PDr,d119,*kapp-al,ship,,,,krishnamurti
PDr,d1357,*kap-Vḷ,cheek,,,,krishnamurti
PDr,d1134,*kam-kuẓi,armpit,,,,krishnamurti
PDr,d2023,*kay,"hand, arm",,,,krishnamurti
PDr,d2026,*kay-tay,fragrant screw-pine,,,,krishnamurti
PDr,d1958,*kay-m-,field,,,> *key-m-,krishnamurti
PDr,d1252,*kay-V-l,fish of different kinds,,,,krishnamurti
PDr,d1252,*kay-V-kk-,fish of different kinds,,,,krishnamurti
PDr,d1252,*kay-V-mpp-,fish of different kinds,,,,krishnamurti
PDr,d1288,*kar-umpu,sugar-cane,,,,krishnamurti
PDr,d1274,*kar-Vḷ,bowels,,,,krishnamurti
PDr,d1507,*kar-Vnk,<i>Pongamia glabra</i>,,,,krishnamurti
PDr,d1283,*kar-V-nt-,to consider,,,SD I + Te,krishnamurti
PDr,d1283,*kar-V-ntt,"will, mind",,,n.; SD I + Te,krishnamurti
PDr,d1213,*kar-Vnti,red gram,,,,krishnamurti
PDr,d1298,*kal,stone,,,,krishnamurti
PDr,d1297,*kal-,to learn,,,,krishnamurti
PDr,d1297,*kaṯ-,to learn,,,,krishnamurti
PDr,d1302,*kala-kala,"onom. of 'rustle, tinkle, rattle'",,,,krishnamurti
PDr,d1303,*kal-a-nku,to be stirred,,,PSD,krishnamurti
PDr,d1303,*kal-a-nkku,to stir,,,PSD,krishnamurti
PDr,d1309,*kal-Vnk-,"covered drain, sluice",,,PSD,krishnamurti
PDr,d1303,*kal-ac-,to quarrel,,,,krishnamurti
PDr,d1305,*kal-am,"boat, ship",,,,krishnamurti
PDr,d1338,*kaw-Vḷi,a house lizard,,,,krishnamurti
PDr,d1376,*kaḷ-am,"an open place (threshing floor, battle ground)",,,,krishnamurti
PDr,d1376,*kaḷ-an,"an open place (threshing floor, battle ground)",,,,krishnamurti
PDr,d1364,*kaẓ-ut-ay,donkey,,,,krishnamurti
PDr,d1366,*kaẓ-u-tt-,neck/throat,,,SDI,krishnamurti
PDr,d1366,*kaẓ-nt(t)-,neck/throat,,,"Tulu, CD, SDII",krishnamurti
PDr,d1374,*kaḷ,toddy,,,,krishnamurti
PDr,d1372,*kaḷ-,to steal,,,,krishnamurti
PDr,d1372,*kaṇ-,to steal,,,,krishnamurti
PDr,d1356,*kaẓi (-nt-),"time to pass, be spent",,,PSD; v.i.,krishnamurti
PDr,d1356,*kaẓi (-nt-t-),"to spend, waste, reject",,,PSD; v.t.,krishnamurti
PDr,d1362,*kaẓ-V-ku,eagle,,,,krishnamurti
PDr,d1362,*kaẓ-V-tu,eagle,,,,krishnamurti
PDr,d1355,*kaẓ-Vt,paddy field,,,,krishnamurti
PDr,d1425,*kā-kk-ay,crow,,,,krishnamurti
PDr,d1443,*kaHṇ-,to see,,,> *kāṇ-,krishnamurti
PDr,d1443,*kāṇ-ikk-ay,gift,,,,krishnamurti
PDr,d1505,*kāṯ-,plough-share,,,,krishnamurti
PDr,d1416,*kā(-tt-),"to protect, guard",,,,krishnamurti
PDr,d1418,*kā(-n),forest,,,,krishnamurti
PDr,d1438,*kā-ṭu,forest,,,,krishnamurti
PDr,d1418,*kā,forest,,,,krishnamurti
PDr,d1418,*kā-n-,forest,,,,krishnamurti
PDr,d1438,*kā-ṭV,forest,,,,krishnamurti
PDr,d458,*kā-nk-,big clay pot,,,,krishnamurti
PDr,d1459,*kāy,"fruit, pod",,,,krishnamurti
PDr,d1458,*kāy,"to be hot, dry up, burn",,,v.i.,krishnamurti
PDr,d1458,*kā-nku,"to be hot, dry up, burn",,,v.i.,krishnamurti
PDr,d1458,*kā-nkku,"to be hot, dry up, burn",,,v.t.,krishnamurti
PDr,d1458,*kā-ntu,"to be hot, dry up, burn",,,v.i.,krishnamurti
PDr,d1458,*kā-nttu,"to be hot, dry up, burn",,,v.t.,krishnamurti
PDr,d1458,*kā-mpu,"to be hot, dry up, burn",,,v.i.,krishnamurti
PDr,d1458,*kā-mppu,"to be hot, dry up, burn",,,v.t.,krishnamurti
PDr,d1500,*kā-ḷ-,"to burn, flame",,,,krishnamurti
PDr,,*kā-r,"to be scorched",,,,krishnamurti
PDr,,*kar-V-,"to be scorched",,,,krishnamurti
PDr,d1278,*kār,"dark, black, dark clouds",,,,krishnamurti
PDr,d1278,*kar-V,"dark, black, dark clouds",,,,krishnamurti
PDr,d1480,*kāl,canal,,,,krishnamurti
PDr,d1479,*kāl,leg,,,,krishnamurti
PDr,d1417,*kā-waṭi,shoulder pole,,,,krishnamurti
PDr,d2004,*kic-ampu,"yam, <i>Arum colacasia</i>",,,> *kiy-ampu > *kī-mpu/kē-mpu,krishnamurti
PDr,,*kic-Vkic-V,"onom 'chirping, squeaking'",,,,krishnamurti
PDr,d1540,*kiṇṭ-V-,metal pot,,,,krishnamurti
PDr,d1599,*kit-u-tt-,"cheetah, panther",,,,krishnamurti
PDr,d1599,*kit-u-mp-,"cheetah, panther",,,,krishnamurti
PDr,d1594,*kiṯṯ-eli,mouse,,,,krishnamurti
PDr,d1600,*kin-,to be angry,,,SDI,krishnamurti
PDr,d1977,*kir-V-,ear,,,some languages of SD I and II,krishnamurti
PDr,d1574,*kil-,"sound, noise",,,PSD,krishnamurti
PDr,d1570,*kil-,to be able,,,SDI,krishnamurti
PDr,d1571+d1577+d1594,*kil-,small,,,,krishnamurti
PDr,d1571+d1577+d1594,*kiṯ-,small,,,,krishnamurti
PDr,d1571,*kil-a,some,,,,krishnamurti
PDr,d1584,*kiḷi,parrot,,,,krishnamurti
PDr,d1347,*kiẓ-ank-,tuber,,,SDI,krishnamurti
PDr,d1623,*kī-ṯ,scratch,,,,krishnamurti
PDr,d1594,*kīṯ-,small,,,,krishnamurti
PDr,d1594,*kiṯ-V,small,,,,krishnamurti
PDr,d1618,*kīw,"snow, ice",,,,krishnamurti
PDr,d1618,*kiw-V-,"snow, ice",,,,krishnamurti
PDr,d1619,*kīẓ,"below; (SD I) low area, east",,,,krishnamurti
PDr,d1619,*kiẓ-V-kk,"below; (SD I) low area, east",,,,krishnamurti
PDr,d1760,*kucc-,greens,,,,krishnamurti
PDr,d1760,*kuc-V-,greens,,,,krishnamurti
PDr,d1652,*kuṭ-al,intestines,,,SDI,krishnamurti
PDr,d1680,*kuṭ-V,eyeball,,,,krishnamurti
PDr,d1680,*kuṇṭ-V,eyeball,,,,krishnamurti
PDr,d1693,*kuṇṭV,"heart, kidney",,,,krishnamurti
PDr,d1851,*kuṯ-ay-,to  be reduced in size,,,"(kuṯ-ay-nt-, kuṯ-ay-ntt-)",krishnamurti
PDr,d1851,*kuṯ-V,short,,,,krishnamurti
PDr,d1840,*kuṯ-V-nk-,thigh,,,SDI,krishnamurti
PDr,d1840,*kuṯ-V-w,thigh,,,SDI,krishnamurti
PDr,d1711,*kut-i,to jump,,,SDI,krishnamurti
PDr,d1711,*kut-ir-ay,horse,,,SDI,krishnamurti
PDr,d1850,*kut-V-,club,,,,krishnamurti
PDr,d864,*kunṯ-am,hill,,,,krishnamurti
PDr,d864,*kunṯ-u,hill,,,,krishnamurti
PDr,d1865,*kunṯ-i,"crab's eye, a plant",,,,krishnamurti
PDr,d1722,*kun-tāl,pick-axe,,,,krishnamurti
PDr,d1722,*kun-tāḷ,pick-axe,,,,krishnamurti
PDr,d1718,*ku-nt-,"throat, voice, toan",,,SDI,krishnamurti
PDr,d1718,*ku-ntt-,"throat, voice, toan",,,SDI,krishnamurti
PDr,d1718,*ko-nt-,"throat, voice, toan",,,SDII,krishnamurti
PDr,d1718,*ko-ntt-,"throat, voice, toan",,,SDII,krishnamurti
PDr,d1731,*kupp-V,heap,,,,krishnamurti
PDr,d1787,*kur-uṭu,blindness,,,,krishnamurti
PDr,,*kur-V-c-,deer,,,,krishnamurti
PDr,d1797,*kur-Vwi,small pot,,,,krishnamurti
PDr,d1793,*kur-V-wi,sparrow,,,,krishnamurti
PDr,d1828,*kuḷ-am,lake,,,,krishnamurti
PDr,d1828,*kuḷ-Vnc-,lake,,,,krishnamurti
PDr,d1818,*kuẓ-V,"pit, hollow",,,,krishnamurti
PDr,d1882,*kūṭ-u,"to be joined, meet",,,PSD; v.i.,krishnamurti
PDr,d1882,*kūṭṭ-,"to unite, put together",,,PSD; v.t.; < *kūṭ-tt,krishnamurti
PDr,d1882,*kūṭṭ-am,"union",,,PSD; n.,krishnamurti
PDr,d1882,*kūṭ-al,"joining",,,PSD,krishnamurti
PDr,d1882,*kūṭṭ-al,"uniting",,,PSD,krishnamurti
PDr,,*kūṭ-u,"nest",,,,krishnamurti
PDr,d1893,*kūnt(t)-,mushroom,,,,krishnamurti
PDr,d1873,*kūn-ttu,daughter,,,,krishnamurti
PDr,d1873,*kūn-ccu,daughter,,,,krishnamurti
PDr,d1873,*kūn-kku,daughter,,,,krishnamurti
PDr,d1930,*kūm-,"pigeon, dove",,,,krishnamurti
PDr,d1930,*kum-V-,"pigeon, dove",,,,krishnamurti
PDr,d1902,*kū-r-,to sleep,,,,krishnamurti
PDr,d1906,*kūl-i,paddy,,,,krishnamurti
PDr,d1911,*kūẓ,porridge,,,,krishnamurti
PDr,d2020,*kec-aṯ-,"mud, slush",,,,krishnamurti
PDr,d1942,*keṭ-u,"to perish, decay",,,,krishnamurti
PDr,d1942,*kēṭu,"damage",,,n.; < *keHṭu,krishnamurti
PDr,d1942,*keṭ-al,evil,,,,krishnamurti
PDr,d1942,*kēṭu-ti,"ruin",,,n.,krishnamurti
PDr,d1942,*keṭ-ṭa,evil,,,,krishnamurti
PDr,d1980,*keṯ-ay,tank,,,,krishnamurti
PDr,d1980,*keṯ-uwu,tank,,,,krishnamurti
PDr,d2591,*keṯ-V-,"wing, feather",,,,krishnamurti
PDr,d1955,*kep-,to tell,,,,krishnamurti
PDr,d1977,*kew-i,ear,,,,krishnamurti
PDr,d1977,*kew-iṭu,deafness,,,,krishnamurti
PDr,d931,*kem,red,,,,krishnamurti
PDr,d2775,*kem-pu,copper vessel,,,,krishnamurti
PDr,d1957,*key-,to do,,,,krishnamurti
PDr,d1958,*key-(a)m,wet field,,,,krishnamurti
PDr,,*key-pi-,to cause one to do,,,,krishnamurti
PDr,d1963,*ker-uppu,sandal,,,,krishnamurti
PDr,d1588,*keḷ-ay,to dig up,,,,krishnamurti
PDr,d2019,*kēṯ-,to winnow,,,,krishnamurti
PDr,d2019,*kēṯ-ṯV,winnowing basket,,,n.,krishnamurti
PDr,d2004,*kē-mpu,yam,,,PSD; < *key-ampu < *kic-ampu,krishnamurti
PDr,d2017,*kēḷ-,"to hear, ask",,,,krishnamurti
PDr,d2017,*kēṇ-,"to hear, ask",,,,krishnamurti
PDr,d1762,*koc-V-,pot-making,,,,krishnamurti
PDr,d1663,*koṭ-ay,umbrella,,,,krishnamurti
PDr,d1649,*koṭ-Vkku,west,,,,krishnamurti
PDr,d2063,*koṭṭ-,to beat,,,,krishnamurti
PDr,d2063,*koṭ-,to beat,,,,krishnamurti
PDr,d2069,*koṭṭay,stone of fruit,,,,krishnamurti
PDr,d1851,*koṯ-a,to become short,,,,krishnamurti
PDr,d1849,*koṯ-aṇṭ-/-añc-,"henna, <i>Barleria</i> sp.",,,,krishnamurti
PDr,d2168,*koṯ-ay,to pierce,,,PSD,krishnamurti
PDr,d2165,*koṯ-i,sheep,,,,krishnamurti
PDr,d2160,*koṯ-u,chicken,,,,krishnamurti
PDr,d2165,*koṯ-V,a kind of millet,,,,krishnamurti
PDr,d2119,*koy-,"to cut, harvest crop",,,,krishnamurti
PDr,d2125,*kor-Vnk-,"a stork, crane",,,,krishnamurti
PDr,d2125,*kor-nkk-,"a stork, crane",,,,krishnamurti
PDr,d1769,*kor-V-nkk-,monkey,,,,krishnamurti
PDr,d1769,*kor-V-ntt-,monkey,,,,krishnamurti
PDr,d2133,*kol,smithy,,,,krishnamurti
PDr,d2132,*kol-,to kill,,,,krishnamurti
PDr,d2151,*koḷ-,"to receive, buy; reflexive marker",,,,krishnamurti
PDr,d2151,*koṇ-,"to receive, buy; reflexive marker",,,,krishnamurti
PDr,d2149,*koẓ-utt-V,new,,,,krishnamurti
PDr,d2177,*kō,king,,,,krishnamurti
PDr,d2177,*kō-n-ṯu,king,,,,krishnamurti
PDr,d2200,*kōṭ-u,horn,,,,krishnamurti
PDr,d2200,*kōṯ-,,,,SDII,krishnamurti
PDr,d2207,*kōṭṭ-ay,fort,,,,krishnamurti
PDr,d2203,*kōṭ-ay,"west wind, monsoon",,,SDI,krishnamurti
PDr,d2177,*kōn-yātu,"temple tank, open well",,,,krishnamurti
PDr,d2177,*kōy-il,"palace, temple",,,PSD,krishnamurti
PDr,d2237,*kōl,"stick, plough shaft",,,,krishnamurti
PDr,d2149,*kōẓ-,"new, young, tender",,,,krishnamurti
PDr,d2149,*koẓ-V,"new, young, tender",,,,krishnamurti
PDr,d2149,*kōẓ-,"son, young one",,,,krishnamurti
PDr,d2149,*koẓ-V,"son, young one",,,,krishnamurti
PDr,d2248,*kōẓi,chicken,,,,krishnamurti
PDr,d2402+d4210,*caṭa-ppī,"cowdung (lit. bullock's excrement)",,,,krishnamurti
PDr,d1659,*caṭVcaṭV,cracking sound,,,,krishnamurti
PDr,d2306,*caṭṭi,small pot,,,,krishnamurti
PDr,d2485,*caṯ-V,six,,,adj,krishnamurti
PDr,d2485,*cāṯ-u,six,,,3n-m pl,krishnamurti
PDr,d2327,*cat-V-,to read,,,PTelugu,krishnamurti
PDr,d2342,*cam-V-,"to be made, to form",,,,krishnamurti
PDr,d2826,*cay-m-,five,,,adj,krishnamurti
PDr,d2826,*cay-m-tu,five,,,3n-m pl,krishnamurti
PDr,d2359,*car-ac-,snake,,,PSD,krishnamurti
PDr,d2781,*cal-,"to go, pass, occur",,,,krishnamurti
PDr,d2781,*can-,"to go, pass, occur",,,,krishnamurti
PDr,d2781,*can-ṯ-,"to go, pass, occur",,,SDI; < *cal-nt-,krishnamurti
PDr,d2781,*can-ṯṯ-,"to go, pass, occur",,,SDII,krishnamurti
PDr,d3045,*caḷ-,"cool, cold",,,,krishnamurti
PDr,d3045,*caṇ-,"cool, cold",,,,krishnamurti
PDr,d2411,*caḷ-V-,buttermilk,,,,krishnamurti
PDr,d2426,*caH-,to die,,,,krishnamurti
PDr,d2426,*ceH-,to die,,,,krishnamurti
PDr,d2426,*caH-,to die,,,PSD,krishnamurti
PDr,d2426,*cā-,to die,,,PSD,krishnamurti
PDr,d2426,*cay-,to die,,,PCD,krishnamurti
PDr,d2426,*cāy-,to die,,,PCD,krishnamurti
PDr,d2426,*keH-,to die,,,PND,krishnamurti
PDr,d2426,*key-,to die,,,PND,krishnamurti
PDr,d2484,*cār-,to go reach,,,,krishnamurti
PDr,d2484,*cēr-,to go reach,,,,krishnamurti
PDr,d2471,*cāl,ploughed furrow,,,,krishnamurti
PDr,d2410,*cāl-iy-anṯu,nephew/son-in-law,,,,krishnamurti
PDr,d2410,*cāl-Vy-anṯu,weaver,,,,krishnamurti
PDr,d429,*cinki,ginger,,,,krishnamurti
PDr,d429,*cinki-wēr,ginger,,,,krishnamurti
PDr,d2529,*cin-tta,tamarind,,,,krishnamurti
PDr,d2598,*ciy-,to give,,,,krishnamurti
PDr,d2598,*cī-,to give,,,,krishnamurti
PDr,d2552,*cir-,black,,,,krishnamurti
PDr,d2552,*cir-a-,darkness,,,,krishnamurti
PDr,d2552,*cir-V-ḷ,darkness,,,,krishnamurti
PDr,d2552,*cir-V-nk-,darkness,,,,krishnamurti
PDr,d2552,*cir-umpu,"black metal, iron",,,,krishnamurti
PDr,d2553,*cir,day,,,PCD,krishnamurti
PDr,d2584,*cir-V-tt-,the low area,,,SDI,krishnamurti
PDr,d2559,*cil-,to be not,,,,krishnamurti
PDr,d2607,*cīk-kāy,soapnut,,,,krishnamurti
PDr,d2604,*cīn-kk-,darkness,,,,krishnamurti
PDr,d2617,*cīn-t(t)-V-,date palm,,,,krishnamurti
PDr,d2599,*cī-p,sweeping broom,,,,krishnamurti
PDr,d2599,*cay-pp-,sweeping broom,,,,krishnamurti
PDr,d2625,*cīr-ppī,"nits, (lit. lice eggs)",,,PSD,krishnamurti
PDr,d2646,*cukk-V,star,,,,krishnamurti
PDr,d2674,*cup,salt,,,SDII,krishnamurti
PDr,d2674,*cow-ar,salt,,,SDII,krishnamurti
PDr,d2674,*up,salt,,,SD I + Te,krishnamurti
PDr,d2674,*ow-ar,salt,,,SD I + Te,krishnamurti
PDr,d2677,*cum-V-,"to carry on head, (n.) head-pad",,,,krishnamurti
PDr,d2697,*cuw-,pipal tree,,,,krishnamurti
PDr,d2654,*cūṭ-,be hot,,,,krishnamurti
PDr,d2654,*cuṭ-V-,be hot,,,,krishnamurti
PDr,d2654,*cuṯ-,be hot,,,SDII,krishnamurti
PDr,d2684,*cūr-,"to curl up",,,,krishnamurti
PDr,d2684,*cur-V-,"to curl up",,,,krishnamurti
PDr,d2735,*cū-ẓ,"to see, deliberate",,,,krishnamurti
PDr,d2591,*ceṯ-ank-,wing,,,,krishnamurti
PDr,d2591,*ceṯ-ankk-,wing,,,,krishnamurti
PDr,d2795,*ceṯ-Vkk-,sugar-cane,,,SDII,krishnamurti
PDr,d2776,*cey-t-,porcupine,,,,krishnamurti
PDr,d2776,*coy-t-,porcupine,,,,krishnamurti
PDr,d2599,*cer-,to insert,,,,krishnamurti
PDr,d2815,*cēr,plough yoked to oxen,,,,krishnamurti
PDr,d2783,*cēl-āḷ,younger sister,,,SDII,krishnamurti
PDr,d2835,*coṭ-,to drip,,,,krishnamurti
PDr,d2838,*coṭṭ-V,lame,,,,krishnamurti
PDr,d2710,*coṯ-ac-,shark,,,,krishnamurti
PDr,d2855,*col-,"to speak, relate",,,,krishnamurti
PDr,d2857,*col-(ay),fireplace,,,,krishnamurti
PDr,d2861,*cōṭ-,to run,,,,krishnamurti
PDr,d2861,*cōṭ-am,boat,,,,krishnamurti
PDr,d290,*ñaṇṭ-,crab,,,,krishnamurti
PDr,d2902,*ñam-V-l,peacock/peahen,,,,krishnamurti
PDr,d297,*ñam-kōl,"plough, our stick",,,,krishnamurti
PDr,d2903,*ñar-ampu,tendon,,,,krishnamurti
PDr,d2910,*ñāc-Vṯu,son,,,SDI,krishnamurti
PDr,d2908,*ñāṇ,"string, cord",,,,krishnamurti
PDr,d2908,*ñēṇ,"string, cord",,,,krishnamurti
PDr,d2919,*ñāṯu,seedlings for transplantation,,,,krishnamurti
PDr,d2918,*ñāṯu,to emit smell,,,,krishnamurti
PDr,d2917,*ñānṯ-V-,<i>Eugenia jambolana</i>,,,,krishnamurti
PDr,d2920,*ñān-ṯu,day,,,,krishnamurti
PDr,d2920,*ñēn-ṯu,day,,,,krishnamurti
PDr,,*ñā-n,I,,,,krishnamurti
PDr,,*ñan-,I,,,,krishnamurti
PDr,,*ñām-,we,,,,krishnamurti
PDr,,*ñam-,we,,,,krishnamurti
PDr,d3000,*takar,ram,,,,krishnamurti
PDr,d3028,*taṭṭ-,measles,,,,krishnamurti
PDr,d3028,*taṭ-V-,measles,,,,krishnamurti
PDr,d3045,*taṇ,"cool, cold",,,adj,krishnamurti
PDr,d3049,*taṇṭ-al,boatman,,,,krishnamurti
PDr,d3067,*tan-tay,father,,,,krishnamurti
PDr,d3067,*tan-ṯi,father,,,,krishnamurti
PDr,d3069,*tapa-tapa,onom. walking fast,,,,krishnamurti
PDr,d3069,*daba-daba,onom. walking fast,,,,krishnamurti
PDr,d3015,*tam-kay,younger sister,,,,krishnamurti
PDr,d3485,*tamp-V-,younger brother,,,,krishnamurti
PDr,,*taH-r-,to give to 1st or 2nd person,,,neg; > *tar-,krishnamurti
PDr,,*taH-,to give to 1st or 2nd person,,,pos; > *tā-,krishnamurti
PDr,d3095,*tar-V-,to churn buttermilk,,,,krishnamurti
PDr,d3103,*tal-ay,"head, hair, top",,,,krishnamurti
PDr,d3136,*taḷḷ-ay,mother,,,,krishnamurti
PDr,d3136,*taḷḷ-i,mother,,,,krishnamurti
PDr,d3120,*taẓ-Vnk-,liver,,,,krishnamurti
PDr,d3120,*taẓ-nkk,liver,,,,krishnamurti
PDr,d3158,*tā-ṇṭu,"to dance, jump",,,,krishnamurti
PDr,d3160,*tātt-a,grand father,,,,krishnamurti
PDr,d3196,*tān,self; (SD I) emphatic particle,,,3refl sg; < *taHn-,krishnamurti
PDr,d3196,*tan-,self; (SD I) emphatic particle,,,3refl sg; < *taHn-,krishnamurti
PDr,d3162,*tām,selves,,,3refl pl,krishnamurti
PDr,d3162,*tam-,selves,,,3refl pl,krishnamurti
PDr,d3198,*tānṯi,<i>Belleric myrobalan</i>,,,,krishnamurti
PDr,d3175,*tāli,wedding string with a gold piece,,,"SD I, Te.",krishnamurti
PDr,d380,*tāẓ,palmyra tree,,,,krishnamurti
PDr,d3178,*tāẓ-waṭam,a string of beads/pearls,,,,krishnamurti
PDr,d3259,*tiṯ-V-,to open,,,,krishnamurti
PDr,d3213,*tink-aḷ,moon,,,,krishnamurti
PDr,d3268,*tiy-am,honey,,,,krishnamurti
PDr,d3251,*tirV-,be changed,,,,krishnamurti
PDr,d3244,*tir-ay,to roll,,,,krishnamurti
PDr,d3246,*tir-a-nku,be curled up,,,,krishnamurti
PDr,d3246,*tir-a-nkku,to shrivel up,,,,krishnamurti
PDr,d3246,"*tir-i (-v-, -nt-)",to turn,,,v.i.,krishnamurti
PDr,d3246,"*tir-i (-pp-, -ntt-)",to turn,,,v.t.,krishnamurti
PDr,d3246,*tir-u-ku,to twist,,,v.i.,krishnamurti
PDr,d3246,*tir-u-mpu,to twist,,,v.i.,krishnamurti
PDr,d3246,*tir-u-kku,to twist,,,v.t.,krishnamurti
PDr,d3246,*tir-u-mppu,to twist,,,v.t.,krishnamurti
PDr,d3251,*tir-u-ntu,to be corrected,,,v.i.,krishnamurti
PDr,,*tir-u-nttu,to correct,,,v.t.,krishnamurti
PDr,,*tir-uḷ,to turn,,,,krishnamurti
PDr,d2882,*tirV-kal,a hand-mill,,,,krishnamurti
PDr,d3263,*tiHn-,to eat,,,(past tin-ṯ-/tin-ṯṯ-),krishnamurti
PDr,d3263,*tī-nṯṯ-,to feed,,,,krishnamurti
PDr,d3291,*tuñc-,to sleep,,,,krishnamurti
PDr,d3357,*tul-acV,sacred basil,,,,krishnamurti
PDr,d3398,*tuw-Vṯ-,to drizzle,,,,krishnamurti
PDr,d3284,*tuw-Vr,coral,,,,krishnamurti
PDr,d3376,*tū-nk-,to swing,,,v.i.,krishnamurti
PDr,d3376,*tū-nkk-,to swing,,,v.t.,krishnamurti
PDr,d3459,*tēr,chariot,,,,krishnamurti
PDr,d3419,*tēr,"to become clear, to know",,,,krishnamurti
PDr,d3419,*ter-V-,"to become clear, to know",,,,krishnamurti
PDr,d3449,*ten,south,,,,krishnamurti
PDr,d3449,*teṯ-kku,south,,,,krishnamurti
PDr,d3449+d1459,*ten-kāy,coconut (southern fruit),,,,krishnamurti
PDr,d3414,*tepp-V-,float,,,,krishnamurti
PDr,d3433,*teḷ-V-,"white, clear",,,,krishnamurti
PDr,d3471,*tēṯṯ-,to recover,,,,krishnamurti
PDr,d3451,*tē-,"be full, satiated",,,(< *tew-i-),krishnamurti
PDr,d3268,*tē-,sweet,,,PSD; (< *tiy-a),krishnamurti
PDr,d3268,*tēn-ī,honey-bee (lit. honey-fly),,,SDI,krishnamurti
PDr,d3452,*tēn-kk-,teak,,,,krishnamurti
PDr,d3470,*tēḷ,scorpion,,,,krishnamurti
PDr,d3559,*tokk-,skin,,,PSD,krishnamurti
PDr,d3559,*tok-al,skin,,,PSD,krishnamurti
PDr,d3559,*tō-l,skin,,,PSD,krishnamurti
PDr,d3480,*toṭ-V-,to hold,,,,krishnamurti
PDr,d3501,*toṇṭ-V-,chameleon,,,,krishnamurti
PDr,d3534,*toṯ-V,"cattle, cow",,,,krishnamurti
PDr,d3515,*tor-Vmp-,lungs,,,,krishnamurti
PDr,d3532,*toḷ-,"nine, 9/10",,,,krishnamurti
PDr,d3532,*toṇ-,"nine, 9/10",,,,krishnamurti
PDr,d3523,*toẓ-V-,slavery,,,,krishnamurti
PDr,d3526,*toẓ-V,cattle stall,,,,krishnamurti
PDr,d3542,*tōc-ay,a cereal pancake,,,PSD,krishnamurti
PDr,d3549,*tōṇ-ṭṭ-am,garden,,,< *tōṇṭu,krishnamurti
PDr,d3566,*tōn-ṯu,"to appear, strike to mind",,,,krishnamurti
PDr,d3548,*tōẓ-,wolf,,,,krishnamurti
PDr,d3548,*tōẓ-nt-,wolf,,,,krishnamurti
PDr,d4353,*nakk-,to lick,,,,krishnamurti
PDr,d3582,*naṭ-a,to walk,,,,krishnamurti
PDr,d3610,*nan-key,good (wet) land,,,,krishnamurti
PDr,d3602,*na-mpu,to long for,,,< *nay-mp-,krishnamurti
PDr,d306,*nari-(kkV),jackal,,,,krishnamurti
PDr,d3610,*nal,good,,,PSD,krishnamurti
PDr,d3650,*naH-ay,dog,,,,krishnamurti
PDr,d3650,*naH-att,dog,,,,krishnamurti
PDr,d3650,*naH-kuẓi,dog,,,,krishnamurti
PDr,d3638,*nāṭu,"country, place",,,,krishnamurti
PDr,d3638,*nāṯu,"country, place",,,SDII,krishnamurti
PDr,,*nā,obl of 1sg,,,SDII,krishnamurti
PDr,d3648,*nām-,be emaciated,,,,krishnamurti
PDr,d3648,*nam-V-,be emaciated,,,,krishnamurti
PDr,d3633,*nā-l,,,,,krishnamurti
PDr,d3633,*nā-l-nk(k),,,,,krishnamurti
PDr,d3655,*nāl,four,,,adj,krishnamurti
PDr,d3655,*nal-V-,four,,,adj,krishnamurti
PDr,d3655,*nāl-nk(k)V-,four,,,3n-m pl,krishnamurti
PDr,d3656,*nāḷ,day,,,SDII,krishnamurti
PDr,d3656,*nāṇ-ṭ-,day,,,SDII; < *nāḷ-nt-,krishnamurti
PDr,d3621,*nāḷ,night,,,,krishnamurti
PDr,d3621,*naḷ-V-,night,,,,krishnamurti
PDr,d3758,*niṯ(V)-nay,"yesterday, completed day",,,,krishnamurti
PDr,d3758,*niṯ(V)-nal,"yesterday, completed day",,,,krishnamurti
PDr,d3758,*niṯ(V)-nāḷ,"yesterday, completed day",,,,krishnamurti
PDr,d3682,*niṯ-,to be full,,,v.i.,krishnamurti
PDr,d3682,*nin-ṯ-,to be full,,,v.i..i,krishnamurti
PDr,d3675,*nil-,to stand,,,,krishnamurti
PDr,d3675,*niṯ-,to stand,,,,krishnamurti
PDr,d3675,*niṯṯ-,to stand,,,,krishnamurti
PDr,d3692,*nī-,be elongated,,,< *niw-V-,krishnamurti
PDr,,*nī,obl of 2sg,,,SDII,krishnamurti
PDr,d3685,*nī-,to abandon,,,,krishnamurti
PDr,d3688,*nī-n,thou,,,2sg,krishnamurti
PDr,d3688,*nin-,thou,,,2sg,krishnamurti
PDr,d3688,*nīm,you,,,2pl,krishnamurti
PDr,d3688,*nim-,you,,,2pl,krishnamurti
PDr,,*nīr,you (2pl),,,PSD,krishnamurti
PDr,d3690,*nīr,water,,,,krishnamurti
PDr,d3715,*nuẓ-Vḷ,mosquito,,,,krishnamurti
PDr,d3715,*nuẓ-nk-,mosquito,,,,krishnamurti
PDr,d3729,*nūṯ-,hundred,,,(obl *nūṯ-ṯV),krishnamurti
PDr,d3706,*nūy,well,,,,krishnamurti
PDr,d3728,*nūl,thread,,,,krishnamurti
PDr,d3720,*nū(w),sesame,,,,krishnamurti
PDr,d3714,*nūẓ,to squeeze through,,,,krishnamurti
PDr,d3714,*nuẓ-V-,to squeeze through,,,,krishnamurti
PDr,d3732,*nek-Vḷ,alligator,,,,krishnamurti
PDr,d3745,*nec-,to weave,,,,krishnamurti
PDr,d3745,*ney-,to weave,,,,krishnamurti
PDr,d3736,*neñ-cV,"mind, heart, pith",,,SDI,krishnamurti
PDr,d3683,*nen-ay,to think,,,SDI,krishnamurti
PDr,d3746,*ney,oil,,,,krishnamurti
PDr,d3743,*nel,a paddy variety,,,,krishnamurti
PDr,d3754,*nel-a-nc,moon,,,,krishnamurti
PDr,d3754,*nel-a-ncc,moon,,,,krishnamurti
PDr,,*nel-V-,month,,,,krishnamurti
PDr,d3755,*nell-,"myrobalan tree, <i>Phyllanthus emblica</i>",,,,krishnamurti
PDr,d3755,*nel-V-,"myrobalan tree, <i>Phyllanthus emblica</i>",,,,krishnamurti
PDr,d3774,*nēram,"time, sun",,,SDI,krishnamurti
PDr,d3783,*noṭ-,to wash,,,,krishnamurti
PDr,d3783,*noṯ-,to wash,,,SDII,krishnamurti
PDr,d3784,*noṭ-V-,to say,,,,krishnamurti
PDr,d3800,*nōn-pu,a religious vow,,,,krishnamurti
PDr,d3793,*nōy-,to pain,,,*nōy-nt-,krishnamurti
PDr,d3805,*pak-al,daylight,,,,krishnamurti
PDr,d3939,*pac-V-,calf,,,,krishnamurti
PDr,d3812,*pacc-,yellow/green,,,,krishnamurti
PDr,d3812,*pac-,yellow/green,,,,krishnamurti
PDr,d3812,*pac-Vṇṭ-,yellow metal/gold,,,,krishnamurti
PDr,d3821,*pac-Vṯ-,green gram,,,,krishnamurti
PDr,d3821,*pac-Vl,green gram,,,,krishnamurti
PDr,d3838,*paṭ-Vku,small boat,,,,krishnamurti
PDr,d3881,*paḍḍ-V,a female buffalo,,,SDII,krishnamurti
PDr,d3884,*paṇ-V-,work,,,,krishnamurti
PDr,d3891,*pan,agriculture land,,,,krishnamurti
PDr,d4035,*pan-i-(kil),dew,,,,krishnamurti
PDr,d4039,*pan-ṯi,pig,,,,krishnamurti
PDr,d4035,*pan-nīr,cool water,,,,krishnamurti
PDr,d4037,*pan-V-,palm tree,,,,krishnamurti
PDr,d3808,*pay-,to break,,,,krishnamurti
PDr,d3949,*par-a,to spread,,,,krishnamurti
PDr,d3976,*par-utti,cotton,,,,krishnamurti
PDr,d3955,*par-Vṇṭu,bullfrog,,,,krishnamurti
PDr,d3977,*par-Vntu,vulture,,,,krishnamurti
PDr,d3986,*pal,tooth,,,,krishnamurti
PDr,d3988,*pal-acV,jack fruit tree,,,,krishnamurti
PDr,d3988,*pan-acV,jack fruit tree,,,,krishnamurti
PDr,d3994,*pall-i,a lizard,,,,krishnamurti
PDr,d3987,*pal-V,many,,,,krishnamurti
PDr,d3998,*paw-aẓ,coral,,,,krishnamurti
PDr,d4018,*paḷḷi,hamlet,,,,krishnamurti
PDr,d3999,*paẓ-a,"old, used (referring mainly to objects)",,,,krishnamurti
PDr,d4004,*paẓ-V-,to ripen,,,*paẓ-nt-,krishnamurti
PDr,d3918,*paH-,ten,,,adj,krishnamurti
PDr,d3918,*paH-tu,ten,,,3n-m pl,krishnamurti
PDr,d4066,*pāṭṭ-ān,grand father,,,,krishnamurti
PDr,d4065,*pāṭ-V,to sing,,,,krishnamurti
PDr,d4065,*pāṯ-,to sing,,,SDII,krishnamurti
PDr,d3887,*pāṇ-,"ask, commission",,,,krishnamurti
PDr,d3887,*paṇ-V-,"ask, commission",,,,krishnamurti
PDr,d4020,*pāṯ-,to run,,,,krishnamurti
PDr,d4020,*paṯ-V-,to run,,,,krishnamurti
PDr,d4048,*pānkk-,betel nut,,,SDI,krishnamurti
PDr,d4085,*pāmpu,snake,,,,krishnamurti
PDr,d4087,*pāy,to leap,,,*pāy-nt-,krishnamurti
PDr,d4091,*pār,"to see, perceive, know",,,,krishnamurti
PDr,d4093,*pār-ay,crowbar,,,,krishnamurti
PDr,d4096,*pāl,"milk, breast",,,,krishnamurti
PDr,d4135,*pic-V-,to squeeze,,,,krishnamurti
PDr,d4135,*piẓ-V-,to squeeze,,,,krishnamurti
PDr,d4142,*picc-,insanity,,,,krishnamurti
PDr,d4142,*pic-V-,insanity,,,,krishnamurti
PDr,d4148,*piṭ-i,(v.t.) to grasp; (n.) handle,,,,krishnamurti
PDr,d4183,*piṇṭ-,to squeeze,,,< *piẓ-nt-,krishnamurti
PDr,d4199,*piṯ-u,rain,,,"SD II, ND",krishnamurti
PDr,d4205,*pin-,"back, end in place or time, afterwards",,,,krishnamurti
PDr,d4205,*piṯ-,"back, end in place or time, afterwards",,,,krishnamurti
PDr,d4410,*pin-cc-Vr,name,,,PSD,krishnamurti
PDr,d4410,*pec-ar,name,,,PSD,krishnamurti
PDr,d4210,*piy,excrement,,,,krishnamurti
PDr,d4210,*pī,excrement,,,,krishnamurti
PDr,d4180,*pill-V,cat,,,,krishnamurti
PDr,d4183,*piẓi-,to squeeze,,,(*piẓi-nt-),krishnamurti
PDr,d4193,*piẓ-ul,intestines,,,CD,krishnamurti
PDr,d4190,*piẓ-Vcc-,sparrow,,,,krishnamurti
PDr,d4167,*pī-t-,to fart,,,,krishnamurti
PDr,d4167,*pi-tt-,to fart,,,,krishnamurti
PDr,d4225,*pīr,thatched grass,,,,krishnamurti
PDr,d4348,*puc,<i>Schleichera trijuga</i>,,,,krishnamurti
PDr,d4348,*puy,<i>Schleichera trijuga</i>,,,,krishnamurti
PDr,d4275,*puc-V,new,,,,krishnamurti
PDr,d4275,*put-V-,new,,,,krishnamurti
PDr,d4262,*puṭṭi,a measure of c. 500 lbs.,,,,krishnamurti
PDr,d4334,*puṯ-ac-,"dove, pigeon",,,,krishnamurti
PDr,d4332,*puṯ-V,"gourd shell, skull",,,,krishnamurti
PDr,d4337,*pun-key,bad (dry) land,,,,krishnamurti
PDr,d4335,*pun-ṯṯ,white-anthill,,,,krishnamurti
PDr,d4335,*punttV,white-anthill,,,,krishnamurti
PDr,d4243,*pun-nay,mastwood,,,,krishnamurti
PDr,d4345,*puy,(n.) flower; (v.i.) to blossom,,,,krishnamurti
PDr,d4345,*pū,(n.) flower; (v.i.) to blossom,,,,krishnamurti
PDr,d4348,*pū,(n.) flower; (v.i.) to blossom,,,,krishnamurti
PDr,d4290,*pur-uṭu,birth pollution,,,,krishnamurti
PDr,d4300,*pul,grass,,,,krishnamurti
PDr,d4307,*pul-i,tiger,,,,krishnamurti
PDr,d4547,*pul-V-,pollution,,,,krishnamurti
PDr,d4322,*puḷ-,sour,,,adj,krishnamurti
PDr,d4312,*puẓ-u,insect,,,,krishnamurti
PDr,d4361,*pūṇ,"to put on, wear, be yoked",,,,krishnamurti
PDr,d4361,*pūṇ-ṭṭ,"to cause to put on, yoke",,,,krishnamurti
PDr,d4146,*peṭ-a,nape of neck,,,,krishnamurti
PDr,,*peṭṭi,box,,,PSD,krishnamurti
PDr,d4395,*peṇ,woman,,,,krishnamurti
PDr,d4395,*peṇ-ṭṭ-i,female of an animal/bird,,,,krishnamurti
PDr,d4395,*peṇ-(ḍ)li,marriage,,,SD II,krishnamurti
PDr,d4385,*peṇ-kk-,tile,,,,krishnamurti
PDr,d4411,*per-V-,to grow big,,,,krishnamurti
PDr,d4418,*peẓ-an,"bone, stone of fruit",,,,krishnamurti
PDr,d4430,*pēc-,"to talk, prattle",,,,krishnamurti
PDr,d4430,*pēẓ-,"to talk, prattle",,,,krishnamurti
PDr,d4438,*pēṇ,"devil, god",,,,krishnamurti
PDr,d4438,*pēy,"devil, god",,,,krishnamurti
PDr,d4441,*pēṇṭ-V,cattle dung,,,(< peeḷ-nt-),krishnamurti
PDr,d4421,*pēṯ-,to curdle,,,,krishnamurti
PDr,d4421,*peṯ-V,to curdle,,,,krishnamurti
PDr,d4421,*peṯ-uku,curd,,,,krishnamurti
PDr,d4449,*pēn,louse,,,,krishnamurti
PDr,d4411,*pēr,big,,,,krishnamurti
PDr,d4411,*per-V,big,,,,krishnamurti
PDr,d4452,*po-,to perforate,,,,krishnamurti
PDr,d4348,*po-k-,to make a hole,,,,krishnamurti
PDr,d4348,*po-t-,to make a hole,,,,krishnamurti
PDr,d4240,*pok-ay,smoke,,,PSD,krishnamurti
PDr,d4460,*pok-kuẓ-V-,navel,,,"SD I, SD II, CD",krishnamurti
PDr,d4454,*pok-Vḷ-,imperial pigeon,,,,krishnamurti
PDr,d4235,*pok-Vẓ,to praise,,,,krishnamurti
PDr,d4531,*poc-,to lie,,,,krishnamurti
PDr,d4531,*poy-,to lie,,,,krishnamurti
PDr,d4531,*poy-nkk-,to lie,,,,krishnamurti
PDr,d4531,*poy-nkk-am,falsehood,,,n.; Pre-Telugu,krishnamurti
PDr,d4494,*poṭṭ-,"belly, stomach, pregnancy, intestines",,,,krishnamurti
PDr,d4494,*poṭ-V-,"belly, stomach, pregnancy, intestines",,,,krishnamurti
PDr,d4569,*poṯ-Vl,lungs,,,,krishnamurti
PDr,d4469,*po-nku,to boil,,,,krishnamurti
PDr,d4536,*por-a-,to sell,,,PSD II,krishnamurti
PDr,d4536,*prō-,to sell,,,PSD II,krishnamurti
PDr,d4295,*por-ay,cataract of eye,,,,krishnamurti
PDr,d4303,*pol-am,field,,,,krishnamurti
PDr,d4570,*pon,gold,,,PSD,krishnamurti
PDr,d4572,*pō-,to go,,,PSD,krishnamurti
PDr,d4572,*pō-k-,to go,,,PSD,krishnamurti
PDr,d4572,*pō-kk-,to send,,,PSD,krishnamurti
PDr,d4586,*pō-ntt-,male of an animal/bird,,,,krishnamurti
PDr,d4540,*pōr,fight,,,,krishnamurti
PDr,d4540,*pōr-,to fight,,,v.t.,krishnamurti
PDr,d4540,*por-V-,to fight,,,v.t.,krishnamurti
PDr,d4559,*pōẓ,sun,,,,krishnamurti
PDr,d4559,*poẓ-u-tu,sun,,,,krishnamurti
PDr,d4616,*mak-anṯu,"son, male",,,,krishnamurti
PDr,d4616,*mak-aḷ,daughter,,,,krishnamurti
PDr,d4627,*mac-V-,"to delay, be dull",,,,krishnamurti
PDr,d4627,*maẓ-V-,"to delay, be dull",,,,krishnamurti
PDr,d4764,*maṯ-i(nṯu),"male child, the young of an animal",,,,krishnamurti
PDr,d4654,*maṭi-wēl-,washerman,,,"SD I, Te.",krishnamurti
PDr,d4760,*maṯ-V-,"be hidden, to forget",,,,krishnamurti
PDr,d4688,*maṯ-Vku,covered drain,,,SD,krishnamurti
PDr,d4772,*mat-kāy,mango,,,SD II,krishnamurti
PDr,d4694,*mat-al,marriage,,,SD I,krishnamurti
PDr,d4694,*mat-uw-ay,marriage,,,SD I,krishnamurti
PDr,d4778,*man-,"to be, to live, stay; also copular verb",,,(*man-ṯ-/-ṯṯ-),krishnamurti
PDr,d4776,*man-ay,house,,,,krishnamurti
PDr,d4706,*maya-nk-,to be confused,,,,krishnamurti
PDr,d4706,*maya-nkk-,to confuse,,,v.t.,krishnamurti
PDr,d4706,*maya-nkk-am,confusion,,,n.,krishnamurti
PDr,d4641,*may-nt(t)-,"fog, dew, mist",,,,krishnamurti
PDr,d5099,*may-(mt)-,body,,,,krishnamurti
PDr,d5099,*mē-nd-,body,,,,krishnamurti
PDr,d4642,*may-Vr,peacock,,,,krishnamurti
PDr,d4711,*mar-am,tree,,,,krishnamurti
PDr,d4711,*mar-an,tree,,,,krishnamurti
PDr,d4719,*mar-untu,medicine,,,,krishnamurti
PDr,d4718,*mar-Vt-,<i>Terminalia tomentosa</i>,,,,krishnamurti
PDr,d4753,*maẓ-ay,rain,,,SD I,krishnamurti
PDr,d4749,*maẓ-V-,axe,,,,krishnamurti
PDr,d4749,*mat-V,axe,,,,krishnamurti
PDr,d4756,*maẓc-a-,husband,,,,krishnamurti
PDr,,*mā,obl of 1pl,,,SD II,krishnamurti
PDr,d4780,*mā,"animal, beast, deer",,,,krishnamurti
PDr,d4796,*māṭ-V,terraced house,,,,krishnamurti
PDr,d4796,*mēṭ-ay,terraced house,,,,krishnamurti
PDr,d4834,*māṯ-,"to be changed, altered",,,v.i.,krishnamurti
PDr,d4834,*māṯṯ-,"to change, alter",,,v.t. (< *māṯ-tt-),krishnamurti
PDr,d4782,*mā-m,mango tree,,,,krishnamurti
PDr,d4813,*māma,paternal (father's sister's husband)/maternal uncle,,,,krishnamurti
PDr,d4791,*māy-tt-,"man, husband",,,,krishnamurti
PDr,d4791,*mā-cc-,"man, husband",,,,krishnamurti
PDr,d4841,*mic-al,"above, high",,,> *mē-l,krishnamurti
PDr,d4841,*miy-al,"above, high",,,,krishnamurti
PDr,d5032,*mit-Vẓ,"brain, the physical part",,,,krishnamurti
PDr,d4867,*miḷ-Vku,black pepper,,,,krishnamurti
PDr,d4876,*miHn,star,,,,krishnamurti
PDr,d4876,*min-,"to shine, twinkle",,,,krishnamurti
PDr,,*mī,obl of 2pl,,,SD II,krishnamurti
PDr,d4885,*mīn,fish,,,,krishnamurti
PDr,d4968,*muc-Vl,hare,,,,krishnamurti
PDr,d4915,*mucc-,to cover,,,,krishnamurti
PDr,d4915,*muc-V-,to cover,,,,krishnamurti
PDr,d4959,*muttV,pearl,,,,krishnamurti
PDr,d4954,*mutt-,"old, ancient",,,,krishnamurti
PDr,d4954,*mut-V,"old, ancient",,,,krishnamurti
PDr,d4954,*mut-tāta,"great grand father",,,,krishnamurti
PDr,d5020,*mun,"prior, before, front",,,adj.,krishnamurti
PDr,d5021,*mun-ay,war-front,,,,krishnamurti
PDr,d5020,*mun-nay,day before yesterday,,,,krishnamurti
PDr,d5020,*mun-nāḷ,day before yesterday,,,,krishnamurti
PDr,d4892,*muy-il,cloud,,,,krishnamurti
PDr,d4910,*muy-cc-,baboon,,,,krishnamurti
PDr,d4985,*mul-ay,"breast, teat",,,SD I,krishnamurti
PDr,d4993,*muẓ-u-nk,to sink,,,v.i.,krishnamurti
PDr,d4993,*muẓ-u-nkk,to drown,,,v.t.,krishnamurti
PDr,d5052,*muH-,three,,,adj,krishnamurti
PDr,d5052,*mū-,three,,,adj,krishnamurti
PDr,d5052,*mū-nṯu,three,,,3n-m pl,krishnamurti
PDr,d5037,*mūṭṭ-ay,bundle,,,,krishnamurti
PDr,d5024,*mū-nk(k)u,nose,,,,krishnamurti
PDr,d5024,*mū-nc-,nose,,,,krishnamurti
PDr,d4900,*mūnk-ūc,mongoose,,,,krishnamurti
PDr,d5051,*mūḷ-V-,bone marrow,,,,krishnamurti
PDr,d5072,*mentt-i,fenugreek,,,,krishnamurti
PDr,d5078,*mel-k-,to become soft,,,,krishnamurti
PDr,d5082,*meẓ-V-,to plaster,,,,krishnamurti
PDr,d5086,*mē-,"above, high",,,,krishnamurti
PDr,d5086,*mē-l,"above, high",,,,krishnamurti
PDr,d5087,*mē-nkkV,goat,,,,krishnamurti
PDr,d5093,*mēy,to graze,,,,krishnamurti
PDr,d5086,*mēl,"the high place, west",,,,krishnamurti
PDr,d5086,*mēṯ-kk-,"the high place, west",,,,krishnamurti
PDr,d5097,*mēẓi,plough handle,,,,krishnamurti
PDr,d4902,*moc-Vr,buttermilk,,,SD I,krishnamurti
PDr,d4968,*moy-al,hare,,,PSD,krishnamurti
PDr,d4990,*moẓ-V-,joint,,,,krishnamurti
PDr,d4990+d1479,*moẓ-am kāl,"knee/elbow joint",,,,krishnamurti
PDr,d4990+d2023,*moẓ-am-kay,"knee/elbow joint",,,,krishnamurti
PDr,d4989,*moẓ-V-,to speak,,,,krishnamurti
PDr,d4952,*mōc-/moc-V-ḷ,crocodile,,,,krishnamurti
PDr,d5151,*yAH,which (interrogative root),,,,krishnamurti
PDr,d5151,*yĀH,which (interrogative root),,,,krishnamurti
PDr,d5151,*yĀ,which (interrogative root),,,,krishnamurti
PDr,d5152,*yĀṭu,"goat, sheep",,,,krishnamurti
PDr,d5153,*yĀṇṭ-u,year,,,,krishnamurti
PDr,d5159,*yĀṯu,"river, stream",,,,krishnamurti
PDr,d5160,*yĀn,I (1sg),,,(< yAH-n-),krishnamurti
PDr,d5160,*yAn-,I (1sg),,,(< yAH-n-),krishnamurti
PDr,d5154,*yĀm,we (1pl.excl),,,(< yAH-m-),krishnamurti
PDr,d5154,*yAm-,we (1pl.excl),,,(< yAH-m-),krishnamurti
PDr,d5161,*yĀn-ay,elephant,,,,krishnamurti
PDr,d5155,*yĀm-ay,tortoise,,,,krishnamurti
PDr,d5155,*cām-p-,tortoise,,,?,krishnamurti
PDr,d5155,*yĀmp,tortoise,,,? < *hāmp- < *cāmp-,krishnamurti
PDr,d5151,*yĀ-w-anṯ-,"who, what",,,,krishnamurti
PDr,d5151,*yĀ-w-aṯ,"who, what",,,,krishnamurti
PDr,d5157,*yĀḷ,to rule,,,,krishnamurti
PDr,d5205,*wak-ay,to deliberate,,,"SD I, Te.",krishnamurti
PDr,d5259,*wac-Vṯ,"stomach, foetus",,,SD I,krishnamurti
PDr,d5259,*wac-V-(kk),"stomach, foetus",,,SD II except Te.,krishnamurti
PDr,d5259,*was-Vr-,"stomach, foetus",,,Tu.,krishnamurti
PDr,d5259,*was-nc-,"stomach, foetus",,,Tu.,krishnamurti
PDr,d5218,*waṭ-a-kku,north,,,PSD,krishnamurti
PDr,d5320,*waṯ-,to dry up,,,,krishnamurti
PDr,d5320,*waṯṯ-,to dry up,,,,krishnamurti
PDr,d5320,*waṯ-V-,to dry up,,,,krishnamurti
PDr,d5325,*waṯ-V-,"cook, fry",,,,krishnamurti
PDr,,*way-,to throw,,,aux SD II,krishnamurti
PDr,d5265,*war-iñci,rice,,,,krishnamurti
PDr,d5263,*war-V-,"scratch, draw lines",,,,krishnamurti
PDr,d5276,*wal,strong,,,,krishnamurti
PDr,d5276,*wal-a kay,right hand,,,,krishnamurti
PDr,d5312,*waḷi,wind,,,,krishnamurti
PDr,d5301,*waẓ-V-t,brinjal,,,,krishnamurti
PDr,d5270,*waH-,to come,,,"(past *wa-nt- < *war-nt- SD I, CD, ND; *wa-cc-/wā-tt- SD II)",krishnamurti
PDr,d5270,*waH-r,to come,,,"(past *wa-nt- < *war-nt- SD I, CD, ND; *wa-cc-/wā-tt- SD II)",krishnamurti
PDr,d5381,*wān-am,sky,,,,krishnamurti
PDr,d4124,*wān-ay,a large earthen pot to store grain,,,,krishnamurti
PDr,,*wān,"to fashion, form as a pot",,,,krishnamurti
PDr,,*wan-V-,"to fashion, form as a pot",,,,krishnamurti
PDr,d5352,*wāy,"mouth (edge, beak, mouth of vessel, aperture, blade of sword)",,,,krishnamurti
PDr,d5258,*wāy-,"open space, paddy field",,,,krishnamurti
PDr,d5258,*way-V-,"open space, paddy field",,,,krishnamurti
PDr,d5399,*wāy-cc-i,sword,,,,krishnamurti
PDr,d5376,*wāḷ,sword,,,,krishnamurti
PDr,d5372,*wāẓ,to flourish,,,,krishnamurti
PDr,d5373,*wāẓ-ay,banana,,,SD I,krishnamurti
PDr,d5340,*wiṭ-u,to leave,,,PSD,krishnamurti
PDr,d5401,*witt-V,"seed; to sow",,,,krishnamurti
PDr,d5409,*wir-al,finger,,,SD I,krishnamurti
PDr,d5409,*wir-and,finger,,,"SD II, CD",krishnamurti
PDr,d5409,*wir-anj,finger,,,"SD II, CD",krishnamurti
PDr,d5411,*wiri-nk-,"to open, crack",,,,krishnamurti
PDr,d5411,*wiri-nkk-,"to open, split",,,v.t.,krishnamurti
PDr,d5409,*wiriñc-,finger,,,,krishnamurti
PDr,d5422,*wil,bow,,,,krishnamurti
PDr,d5421,*wil-,to sell,,,,krishnamurti
PDr,d5421,*wil-ay,price,,,,krishnamurti
PDr,d5393,*wīṭu,abode,,,,krishnamurti
PDr,d5430,*wīẓ-,to fall,,,,krishnamurti
PDr,d5430,*wiẓ-V-,to fall,,,,krishnamurti
PDr,d5383,*wekk-,"to hiccup; a hiccup",,,,krishnamurti
PDr,d5383,*wek-V-,"to hiccup; a hiccup",,,,krishnamurti
PDr,d5517,*wec-,"roast, fry, heat",,,,krishnamurti
PDr,d5517,*wey-,"roast, fry, heat",,,,krishnamurti
PDr,d5496,*weṇ-ṇey,"butter (lit. white oil)",,,,krishnamurti
PDr,d5483,*wet-V-,"to search; to marry (ND)",,,v.t.,krishnamurti
PDr,d5490,*weruku,cat,,,,krishnamurti
PDr,d5496,*weḷ,white,,,,krishnamurti
PDr,d5496,*weṇ,white,,,,krishnamurti
PDr,d5496,*weḷḷ-ay,whiteness,,,,krishnamurti
PDr,d5496,*weḷḷ-uppu,whiteness,,,,krishnamurti
PDr,d5509,*weḷ-V-,wood-apple,,,,krishnamurti
PDr,d5528,*wēṇṭ-V,to want,,,PSD (< *wēḷ-nt-),krishnamurti
PDr,d5529,*wēnt-anṯu,king,,,,krishnamurti
PDr,d5531,*wē-mpu,neem tree,,,,krishnamurti
PDr,d5527,*wēṇ-ṭta,hunting,,,,krishnamurti
PDr,d5532,*wēy,to thatch,,,,krishnamurti
PDr,d5404,*wēy-i,1000,,,,krishnamurti
PDr,d5404,*wey-am,extensiveness,,,,krishnamurti
PDr,d5535,*wēr,root,,,,krishnamurti
PDr,d5528,*wēḷ,to desire,,,(< *weH-ḷ),krishnamurti
