n1,Prs,paidâ kard-,find,strand
n2,PNur,pa-u,over; around (away from the speaker),strand
n3,PNur,pačaṭik,bramble; entangled cotton seed,strand
n4,PNur,paṭalik,large pancake,strand
n5,Psht,paṭâk′ay,musket,strand
n6,PNur,paṭi,wooden part of bow,strand
n7,PNur,paṭila,,strand
n8,OIA,paṭu-,sharp; pungent,strand
n9,PNur,paṭuv,fir,strand
n10,PNur,paṭa,,strand
n11,PNur,paṭa-,,strand
n12,PNur,paṭa-,,strand
n13,PNur,ače˜-paṭ,,strand
n14,PNur,paṣa,sleeping place in stable,strand
n15,PNur,paṣa,shaman,strand
n16,PNur,peć,,strand
n17,PNur,pr̥ć,,strand
n18,Prs,parda,curtain,strand
n19,PNur,paṛa,smallpox,strand
n20,PNur,pa-tia-,believe,strand
n21,PNur,piače˜,,strand
n22,PNur,palai,herder,strand
n23,PNur,palak-,flash,strand
n24,Prs,palid,unclean,strand
n25,PNur,pâitâva,puttee,strand
n26,PNur,pâ-u,"down (away from the speaker, at an angle)",strand
n27,Prs,pâk,pure,strand
n28,Prs,pâkestân,Pakistan,strand
n29,PNur,pâc̣anna,,strand
n30,PNur,"pac̣anna-
vani",,strand
n31,PNur,pâče˜,cotton thread,strand
n32,PNur,pâla,,strand
n33,PNur,pâṛa,,strand
n34,PNur,pâṭâl,lammergeier vulture,strand
n35,PNur,pâṣâi,Pašaī,strand
n36,PNur,pâṣu˜ta,Uṣ′üt,strand
n37,PNur,pârik,shoulder blade,strand
n38,Psht,p′âta,remaining,strand
n39,PNur,pâdi,bushel,strand
n40,Prs,pâdšâh,king,strand
n41,PNur,pâṇḍau,,strand
n42,PNur,pâ-pâ,sole (of foot),strand
n43,Prs,pâhirâ,sentry,strand
n44,PNur,piku,wall brace,strand
n45,PNur,pič,,strand
n46,PNur,piša˜,crop,strand
n47,PNur,pištikâk,dung,strand
n48,MIA,piṣṭa,ridge; mountain spur,strand
n49,Psht,pit′ay,Snyder rifle (?),strand
n50,PNur,pit,,strand
n51,PNur,pis,fart (silent),strand
n55,PNur,piṛi,,strand
n56,PNur,pil,shallow wooden bowl,strand
n57,Khowàr,pinga-,the day after,strand
n58,PNur,pe,across (in a horizontal plane),strand
n62,PNur,püṇḍ,,strand
n66,OIA,pišâč′i-:-,demon (f.),strand
n69,PAr,pi˜š-′a-,grind,strand
n70,PNur,piša-,,strand
n74,PNur,puaći,,strand
n78,PNur,paćâ,,strand
n80,PNur,pašpâ,,strand
n85,PNur,pača-,,strand
n88,PNur,-pak,,strand
n89,PNur,paka-,,strand
n90,PNur,pakʷe-,,strand
n93,OIA,pâč-′aya-ti,causes to boil,strand
n96,PAr,pač-s′i-n-,winged; bird,strand
n98,PAr,pač-s′a-,wing; shoulder; side,strand
n100,PAr,paš-ta-,breast,strand
n104,PNur,pra-,,strand
n107,PNur,pa-,,strand
n109,PAr,p′ara-,distant; other,strand
n110,PAr,pâr′a-,further bank,strand
n113,PNur,pau,,strand
n118,PNur,pâr-,,strand
n121,PNur,pâr,,strand
n123,PNur,pâṭ,,strand
n127,PNur,pând,,strand
n131,PNur,pâṣu,,strand
n132,PNur,pâṣu-âṭi,,strand
n133,PNur,pâṣu-čaṭ,,strand
n136,PNur,pâṣu,,strand
n140,OIA,pr̥ṣ-a-,*drop,strand
n144,OIA,p′ârṣṇi-,heel,strand
n148,OIA,ut-p′ât-a-,flying up; sudden portent,strand
n151,PNur,upa,,strand
n153,PAr,p′at-tra-,wing-feather; leaf,strand
n154,PNur,pâṭu,,strand
n156,PNur,paṭila,,strand
n159,PAr,p′ad-ya-te,falls,strand
n163,PNur,upuǰa-,,strand
n164,OIA,n′i-pad-ya-te,lies down; rests,strand
n167,OIA,pat-ta-,gone,strand
n171,PNur,pâ,,strand
n173,PAr,pad′a-,footstep,strand
n176,PAr,pu:r-a-,filling,strand
n177,PNur,par,,strand
n178,PNur,pâr,,strand
n181,OIA,pu:r-′aya-ti,fills,strand
n185,PNur,parei,,strand
n186,PNur,pârei,,strand
n187,PNur,pari,,strand
n189,PAr,p′uri:-sa-,fullness; filling; rubble; dung,strand
n190,PNur,parsa,,strand
n194,PNur,palâl,,strand
n196,PIE Form,pel-,,strand
n199,OIA,paṭṭa-,veil,strand
n203,PNur,pali,,strand
n207,OIA,pâṇ′i-,hand; palm,strand
n210,OIA,pâṭ-a-,breadth; expanse,strand
n214,PNur,pa˜č,,strand
n216,PNur,pačić,,strand
n217,PNur,pačilić,,strand
n219,PNur,pačauš,,strand
n220,PNur,pačiš,,strand
n223,PAr,pânč′u-,dust,strand
n225,PAr,pâ˜s′u-,dust,strand
n226,PNur,pr̥k,,strand
n230,PNur,pupus,,strand
n232,PAr,pus-pya-,kind of plant,strand
n233,OIA,puṣ-pya-,flower,strand
n236,PNur,puš,,strand
n237,PNur,pišâ˜,,strand
n238,PNur,pišâ˜š,,strand
n239,PNur,-pur-,-like,strand
n240,PNur,p′uṇa,calf (1-2 years),strand
n241,PNur,putr,,strand
n242,PNur,put-soṭ,companion,strand
n243,PNur,pus-,,strand
n244,PNur,pus-âv-,,strand
n245,PNur,pus,,strand
n246,PNur,punḍa-,,strand
n247,PNur,punḍa-,,strand
n248,PNur,puṇḍa,,strand
n249,PNur,puṇḍa,,strand
n250,PNur,puṇḍo,,strand
n251,PNur,puṇḍo-i,,strand
n252,PNur,puṇḍa-ra,,strand
n253,PNur,"puṇḍa-ra-i-
k",,strand
n254,PNur,"puṇḍa-ra-
k",,strand
n255,PNur,"puṇḍa-ra-
ṇa",,strand
n256,PNur,pu˜ṭ,,strand
n257,PNur,poč,,strand
n261,OIA,upa-pat′i-,paramour,strand
n263,PAr,sa-p′atni-:-,co-wife,strand
n267,PNur,pa˜t,,strand
n271,PNur,pâla,,strand
n274,PNur,pâli,,strand
n278,PNur,pia-,,strand
n280,PAr,pây-a-ka-,drinking,strand
n281,Prs,pyâz,onion,strand
n282,PNur,praća-,shake; beat,strand
n283,PNur,piliâ-,,strand
n284,PNur,piliŋa-,,strand
n285,PNur,prâr,,strand
n286,PNur,prâsiu˜,Vâsi,strand
n287,PNur,prost-pâ,bed-leg,strand
n288,Eng,plət′uwn,platoon,strand
n291,PAr,pru-i-,flea,strand
n293,PAr,pru-k̂-,flea,strand
n294,PAr,pru-k-i-,flea,strand
n295,PNur,pal,,strand
n296,PNur,pal-,,strand
n299,PAr,pit′â,father,strand
n301,PNur,bâdur,,strand
n302,PNur,bâtur,,strand
n303,PNur,bara-nis-ik,spring planting ceremony,strand
n304,PNur,bari-sti:,female member of the artisan caste,strand
n305,PNur,babakâv-,,strand
n306,Prs,barma,drill,strand
n307,Arb,bas,enough,strand
n309,PIE Form,bamb-,,strand
n310,PNur,bâkara,wild hen,strand
n311,Prs,bâǧ,garden,strand
n312,Prs,bâǧča,little garden,strand
n313,Prs,bâǰa,harmonica,strand
n314,Prs,bâzâr,market,strand
n315,Psht,bângiṛay,rooster,strand
n316,Psht,bânḍa wâl,mountain-stable person,strand
n317,PNur,bâba,older brother,strand
n318,PNur,bâmprek,high wicker table,strand
n319,PNur,biiâ,spade,strand
n320,Arb,bi-l-kull,entirely,strand
n321,PNur,bi,,strand
n325,PNur,bâźigal,,strand
n326,PNur,bâźiu,,strand
n330,PNur,ba-,,strand
n331,PNur,bai-,,strand
n332,PNur,bâi-,,strand
n333,PNur,bair-,,strand
n334,PNur,bar-,,strand
n335,Turk,beǧ,gentleman,strand
n338,PAr,b′al-,strong,strand
n340,PAr,b′al-a-vant-,strong,strand
n343,OIA,bal-i-tama-,very strong,strand
n344,Prs,behešt,paradise,strand
n345,PNur,buṭa,cavity; hollow; body cavity,strand
n346,Prs,bura,sugar,strand
n347,Eng,b′uwt,boot,strand
n348,Prs,bozorg,great,strand
n352,PNur,bâ,,strand
n354,PNur,bâk,,strand
n357,PNur,bat,,strand
n360,PNur,bâgisṭ,,strand
n361,OIA,bʱâǰ-i-:-,cooked food,strand
n363,PAr,bʱak-s-,bestow; forgive,strand
n364,PNur,baŋâ-,,strand
n368,PNur,bâs,,strand
n372,PNur,baz,,strand
n373,PNur,bitala,,strand
n377,PNur,bo-,,strand
n378,PNur,bu,,strand
n382,PNur,ba-,,strand
n383,PNur,bâ-,,strand
n384,PNur,bo-,,strand
n386,PNur,samâ-,,strand
n389,PNur,bo-,,strand
n392,PNur,bum,,strand
n397,PNur,puruǰe-,,strand
n400,PNur,bud,,strand
n403,PNur,bud,,strand
n404,PNur,budi,,strand
n407,PNur,buduṣ-,,strand
n411,PNur,bâr,,strand
n414,PNur,baṛa-,,strand
n416,PNur,samaṛa-,,strand
n419,PNur,bâri,,strand
n422,PAr,bʱramar′a-,large black bee,strand
n424,PAr,bʱ′r̥ngʱa-:-,large black bee,strand
n428,PNur,buǰra,,strand
n431,PNur,brâź-,,strand
n434,PNur,brâź-,,strand
n438,OIA,bʱâṣa:-,speech,strand
n442,PNur,bale-,,strand
n445,PAr,bandʱ-′a-,bond; dam,strand
n446,PNur,mande,,strand
n448,PNur,manda-,,strand
n450,PNur,buc̣a,,strand
n455,PNur,bil-a˜,,strand
n456,PNur,bil-aṇ-i,,strand
n457,PNur,bili,,strand
n458,PNur,bili-â˜,,strand
n462,PNur,brâ,,strand
n463,PNur,brâk,,strand
n464,PNur,brâya,,strand
n468,PNur,bruv,,strand
n473,PNur,bâmbaṇ,,strand
n474,Arb,fakat,only,strand
n475,Arb,fahm,understanding,strand
n476,Prs,ferang,European; Frank,strand
n478,PNur,vâṇ-a-,,strand
n479,PNur,vâṇ-e-,,strand
n480,PNur,veṇ-a-,,strand
n481,PNur,veṇ-e-,,strand
n483,PNur,ve˜-ta,,strand
n484,PNur,-vâṇi,,strand
n485,PNur,vakama,dandruff,strand
n486,Arb,vakīl,deputy,strand
n487,PNur,vaṭdroṇ,,strand
n488,PNur,vaṭdroṇ-,,strand
n489,PNur,baḍil,,strand
n490,Arb,vaδ̣īfat,job; duty,strand
n491,PNur,valama,freeman without rank,strand
n492,PNur,ban,,strand
n493,PNur,bana,,strand
n494,PNur,vanźi,,strand
n495,PNur,manźi,,strand
n496,PNur,manź,,strand
n497,PNur,baṭa,,strand
n498,PNur,maṭa,,strand
n499,PNur,maṭa,,strand
n500,PNur,maṭa,,strand
n501,Arb,vabâl,sin,strand
n502,PNur,vrâmik,,strand
n503,PNur,vâi,Vâi,strand
n504,PNur,vâigal,Wâigal,strand
n506,PNur,vâš,,strand
n507,PNur,vâš-,,strand
n508,PNur,vâṭalâ,landslide,strand
n509,PNur,vâṛâu mandâṛi,pole to which are tied strings to separate warp threads,strand
n510,PNur,vâṇ,mortar,strand
n511,PNur,vâsari,male goat (18-24 months),strand
n512,Arb,vâlī,governor,strand
n513,PNur,vâ˜-dâma-,"seize, grasp; take; grab; hold",strand
n514,PNur,vion,boundary,strand
n515,PNur,višaṇ-,card,strand
n516,PNur,viṭala-,,strand
n517,PNur,viric̣,terraced field,strand
n518,PNur,vidišâ,,strand
n519,OIA,*vi-lard-âp-a-,load out,strand
n520,Arb,vilâyat,province,strand
n521,PNur,vind,zinc,strand
n522,PNur,vinn,lightning-bolt,strand
n523,PNur,vea-,,strand
n524,PNur,vel,,strand
n525,PNur,v′e-ma,toward speaker (in a horizontal plane),strand
n526,PNur,âc̣,,strand
n527,PNur,iamra,,strand
n528,PNur,vučak,small louse,strand
n529,PNur,iupa-,,strand
n530,PNur,vrâ-,bark [dog],strand
n531,PNur,rić,,strand
n532,PNur,vrić,,strand
n533,PNur,bre,,strand
n534,PNur,vrei,,strand
n535,Eng,w′eskət,waistcoat,strand
n538,PAr,-m,,strand
n541,PNur,-ma,,strand
n544,PNur,-m,,strand
n547,PNur,iam,,strand
n550,PNur,-miš,,strand
n553,PNur,mâ,,strand
n554,Arb,maūlawī,learned man,strand
n555,PNur,maǰa-,,strand
n556,PNur,mâ˜ša,,strand
n557,PNur,mâša,,strand
n558,PNur,maṛa,,strand
n559,PNur,markâṛa,,strand
n560,PNur,maḍu,,strand
n561,PNur,maṇḍu,,strand
n562,PNur,maṇik,,strand
n566,PNur,mać,,strand
n567,PNur,mâći,,strand
n568,Arb,masǰid,mosque,strand
n569,PNur,malai,mother's brother's wife,strand
n570,Arb,malak,headman,strand
n571,PNur,malik,Malik,strand
n572,OIA,-ma-na-,,strand
n577,PNur,mannaṣ,,strand
n578,PNur,mannuṣ,,strand
n581,PNur,mannuši,,strand
n582,PNur,muša,,strand
n583,PNur,muša-i,,strand
n584,PNur,maṇḍuk,,strand
n585,PNur,mandâṛi,walking-stick,strand
n588,PAr,mât′ar-,mother,strand
n590,PAr,mâtu-,mother's brother,strand
n592,PNur,mâli,,strand
n595,OIA,ma:m-ika:-,mother,strand
n596,PNur,mâ,hulled grain,strand
n597,PNur,mâkaṛik,post to hold eave beam,strand
n598,PNur,mâc̣i,,strand
n599,PNur,mac̣arik,,strand
n600,PNur,mac̣ikarik,,strand
n601,PNur,mâč-čâila,go-between,strand
n602,PNur,mâṇu,Munjâni,strand
n603,Psht,mâz digar,afternoon prayer,strand
n604,Arb,mâl,property; livestock,strand
n605,PNur,mâla,,strand
n606,PNur,mâl,,strand
n607,PNur,mâlâda,man that held rank for merit-feast giving (pre-Islamic),strand
n608,PNur,mâṇa,,strand
n609,PNur,mânšor,lifetime,strand
n610,PNur,miki,,strand
n611,PNur,minki,,strand
n612,Arb,mīrâθ,inheritance,strand
n616,PNur,mer,,strand
n617,PNur,merak,,strand
n618,PNur,mer-kân,,strand
n620,PAr,a-m′itra-,enemy,strand
n624,PNur,meṣ,,strand
n627,PNur,miṣi,,strand
n631,PNur,miṣi-,,strand
n635,PNur,miṣâv-,,strand
n639,PNur,âmiṣ,,strand
n642,PAr,meǰʱa-,urine,strand
n646,PNur,mutr,,strand
n649,PAr,muk-na-,loosed,strand
n650,PNur,muka-,,strand
n653,OIA,pr′a-muč-ya-te,is loosened,strand
n654,PNur,me,,strand
n659,PNur,mâande,,strand
n660,OIA,maɦa-ll-a-ka-,old; feeble,strand
n664,PNur,meṣ,,strand
n665,PNur,meṣi,,strand
n669,PNur,mrâŋ,,strand
n672,PNur,mraŋâća,,strand
n674,PAr,mr̥ga-y′a-:-,hunting,strand
n676,PAr,mr̥ga-či-:-,small animal; bird,strand
n677,PNur,ningaća,,strand
n682,PNur,mre-,,strand
n686,PNur,mâ-,,strand
n688,PAr,mr̥-t′a-,dead,strand
n689,PAr,mr̥-t′a-ka-,corpse,strand
n693,PNur,mârâ˜,,strand
n696,PNur,mâra,,strand
n697,PNur,mrâra,,strand
n700,PNur,mâč,,strand
n705,PNur,maṣa,,strand
n708,PNur,miš-,,strand
n711,OIA,pra-mr̥ṣ-ṭa-,forgotten,strand
n715,PNur,branź,,strand
n716,PNur,mranź,,strand
n720,PNur,mač,,strand
n721,OIA,madʱya-vasar-,midday,strand
n722,OIA,madya-pu:ra-,middling full,strand
n725,PNur,mâǰamâ,,strand
n726,PNur,mâǰamâ-,,strand
n730,PNur,mora,,strand
n734,OIA,mar-a-ti,crushes; rubs,strand
n736,PAr,ml̥-a-ka-,ground; powder,strand
n738,PAr,mr̥d-a-:-,earth; clay,strand
n740,PAr,mr̥d-ka-,earth,strand
n744,PNur,mal,,strand
n749,PNur,mund,,strand
n750,PNur,mund-,,strand
n754,PNur,ma˜tra-,,strand
n755,PNur,maṇḍe-,,strand
n758,OIA,pra-mantra-,talk; tale,strand
n761,PAr,man′âk,a little,strand
n764,PAr,manga-l′a-,auspicious sign; happiness,strand
n767,PAr,m′anth-a-ti,whirls; churns,strand
n771,PNur,mat,,strand
n772,Prs,meva,fruit,strand
n773,PNur,mem,foundation; (vacant) lot,strand
n777,OIA,mâ-p-aya-ti,measures,strand
n780,OIA,mâ-ta-,measured; made of,strand
n783,OIA,m′â-trâ-,measure; minute portion,strand
n787,PNur,mâs,,strand
n788,PNur,mâs-,,strand
n792,PNur,mas,,strand
n793,PNur,mu,,strand
n794,PNur,mukul-âḍu,squash (pumpkin-shaped),strand
n795,PNur,muk,,strand
n796,PNur,muṭa,,strand
n797,PNur,muṭana,,strand
n798,PNur,"muṭana-
vând",,strand
n799,Arb-Prs,musalmân,muslim,strand
n800,PNur,must,,strand
n801,OIA,muṣṭ′i-,fist,strand
n802,Arb,munkir,denying,strand
n803,PNur,mumâ,Mumo,strand
n807,PNur,musa,,strand
n809,PNur,muṣa,,strand
n813,PNur,mul-,,strand
n814,PNur,muṭa,,strand
n815,PNur,muli,,strand
n816,PNur,muṛi,,strand
n821,PNur,maṣa-,,strand
n824,PAr,marmara-,murmur,strand
n828,PNur,maǰ,,strand
n831,PNur,masta,,strand
n834,PNur,mrasta,,strand
n835,Prs-Arb,mollâ,preacher,strand
n838,PAr,maṇi-,hump; Adam's apple,strand
n839,PNur,mâranik,,strand
n840,Eng,m′owtər,motor; motorized vehicle,strand
n841,PNur,ünna,unripe walnut,strand
n844,PAr,ni-vanč-a-,main roof beam,strand
n845,PAr,vanč-a-,roof beam,strand
n846,PNur,-vaṇi,,strand
n850,PNur,vi-,,strand
n854,PNur,vići,,strand
n856,PNur,viši,,strand
n860,PNur,e˜ši,,strand
n863,PAr,vi:r-′a-,man; male animal,strand
n864,PNur,bera,,strand
n869,PNur,vem,,strand
n873,PNur,via˜š,,strand
n878,PNur,veši,,strand
n882,PNur,viš,,strand
n887,PNur,vaša-,,strand
n890,PAr,v′art-a-te,turns,strand
n893,PNur,vâm,,strand
n897,PNur,vâr,,strand
n898,PNur,vâṛ,,strand
n899,PNur,vâṭ,,strand
n903,PNur,vâṭ,,strand
n906,PNur,vâṭuṇi,,strand
n909,PNur,vâṭuṇi,,strand
n912,PNur,uṛa,,strand
n915,OIA,-vr̥t-,-fold,strand
n916,OIA,vr̥t-,turn,strand
n919,OIA,vr̥k-k′a-,kidney,strand
n923,PNur,vr̥ṭ,,strand
n926,OIA,v′ar-tra-,dike; dam,strand
n928,PNur,vâtr,,strand
n932,PNur,vari,,strand
n937,PNur,vr̥c̣a-,,strand
n940,PAr,v′ardʱ-a-te,grows; increases,strand
n943,PNur,ura,,strand
n947,PNur,purda,,strand
n949,PAr,v′r̥ddʱ-i-,increase; prosperity,strand
n952,PAr,vatsa-,year,strand
n956,PNur,vâć′ař,,strand
n958,PNur,vaćala,,strand
n962,PNur,vau,,strand
n966,PNur,vâs,,strand
n970,PNur,vâsa-,,strand
n974,PNur,vasa,,strand
n978,PNur,vâsa˜ta,,strand
n982,PNur,vârak,,strand
n986,PNur,vâr,,strand
n988,PIE Form,-u-en-t-,,strand
n989,PNur,-ba,,strand
n993,PNur,vašpi,,strand
n994,PNur,u-kâṭ-,tear down,strand
n996,PNur,â-vźeṇa,,strand
n997,PNur,uša˜,spatula,strand
n998,PNur,uṭ-,flay,strand
n999,PNur,uṣol,waterfall,strand
n1000,Psht,ur′ân,"be ruined, destroyed",strand
n1001,PNur,utâ,excessive; great,strand
n1004,PAr,ud,out; out of\; up,strand
n1008,PNur,ča,,strand
n1011,PAr,ud′ara-,belly,strand
n1012,PNur,ukram,,strand
n1013,PNur,usć-,startle,strand
n1018,PNur,raveki,,strand
n1022,PNur,livaša,,strand
n1023,Psht,ulus,people; nation,strand
n1024,PNur,unnâu,meadow,strand
n1025,PNur,vaćâ,,strand
n1026,PNur,vaćada,,strand
n1030,OIA,upa-ra-,*upper,strand
n1033,OIA,up′a-ri,above,strand
n1037,PNur,o,,strand
n1040,PAr,′u:dʱas-,udder,strand
n1041,PNur,o,around,strand
n1045,PNur,′indra,,strand
n1046,OIA,indra-iṣṭi-,Indra-impulse,strand
n1051,PNur,vame,,strand
n1053,PAr,avi-k′a-,sheep,strand
n1057,PNur,′asta,,strand
n1058,PNur,asṭ,,strand
n1061,PNur,astadić,,strand
n1062,PNur,âsṭić,,strand
n1063,OIA,aṣṭ′â-daša,eighteen,strand
n1067,PNur,ače˜,,strand
n1069,PNur,ac̣i˜,,strand
n1070,PNur,oṣa,,strand
n1074,PNur,-as,,strand
n1077,PNur,-še,,strand
n1082,PNur,aṭi,,strand
n1086,PNur,nâuče˜,,strand
n1090,PNur,âŋâ,,strand
n1091,PNur,âŋâ-,,strand
n1094,PNur,âŋâ-,,strand
n1097,PAr,anǰ′a-ti,anoints; smears,strand
n1102,PNur,amâr,,strand
n1104,PNur,amâr,,strand
n1108,PNur,-â,,strand
n1111,PAr,us-ma*,ear,strand
n1115,PNur,âš,,strand
n1116,PNur,âši,,strand
n1120,PNur,usṭ,,strand
n1121,PNur,ćare˜,apricot,strand
n1122,PNur,ćanu,Sâňu,strand
n1123,PNur,ćave,drill,strand
n1124,PNur,ćam,Wâmâ,strand
n1125,PNur,ćâćak-,sting,strand
n1126,PNur,ćiprâ:˜,lamb,strand
n1127,PNur,ćuki,,strand
n1128,PNur,ćurća˜,,strand
n1132,PNur,ta,,strand
n1133,PNur,ta-vara,,strand
n1135,PAr,-t-i,,strand
n1136,PNur,-i,,strand
n1139,PNur,-i-,,strand
n1140,PAr,-r̥-t′a-,,strand
n1141,PAr,-t′a-,,strand
n1144,PNur,tu,,strand
n1145,OIA,tuv-′am +,thou,strand
n1148,PNur,to,,strand
n1151,OIA,-te,thou,strand
n1153,PAr,tv-′âm,,strand
n1155,PAr,-tvi:,,strand
n1157,PAr,-t-,,strand
n1158,PNur,takara,,strand
n1159,PNur,traka,,strand
n1160,PNur,tara˜t,near,strand
n1161,PNur,tarâli,,strand
n1162,PNur,trevâč,,strand
n1163,Prs,tariâk,opium,strand
n1167,PNur,tât,,strand
n1168,PNur,te,,strand
n1169,PNur,ti,,strand
n1170,Prs,tang,narrow; tight,strand
n1171,Psht?,tapa,team,strand
n1172,PNur,tavara,near,strand
n1173,Prs,taviz,talisman,strand
n1174,Prs,tambâku,tobacco,strand
n1175,Arb,taḥvīl,delivery,strand
n1176,PAr,tâka-,river,strand
n1177,PNur,tâǰi,sorghum,strand
n1178,PNur,târâźa,scales,strand
n1179,PNur,tât-brâ,agnate,strand
n1180,PNur,tâs,top of shoulder,strand
n1181,PNur,tânn,woolen cloth,strand
n1182,PNur,tâmu,markhor kid,strand
n1183,Eng,t′in,tin,strand
n1186,PAr,t′eǰ-as-,sharpness; energy; glow,strand
n1189,PNur,tinn,,strand
n1193,PNur,taća-,,strand
n1196,PAr,t′ar-a-ti,crosses (over),strand
n1199,PNur,tar,,strand
n1202,PAr,t′r̥ṇa-,blade of grass; straw,strand
n1205,PAr,tul-′a-:-,balance; weight,strand
n1208,PNur,tula-,,strand
n1212,PNur,tâli-,,strand
n1216,PNur,tuṇuka,,strand
n1220,PNur,tapa-,,strand
n1224,PNur,tâp,,strand
n1228,PNur,betât,,strand
n1232,PNur,tramaša,,strand
n1233,PNur,truv-,,strand
n1234,PNur,truvi,,strand
n1237,PAr,tur-′a-,quick,strand
n1238,PNur,tus,,strand
n1239,PNur,tol-veša,field-neighbor,strand
n1240,Turk,top,ball; cannon; gun,strand
n1241,Prs,tombân,wide trousers,strand
n1242,PNur,trik-,crack,strand
n1243,PNur,trupala,,strand
n1247,PNur,tre,,strand
n1250,PNur,trić,,strand
n1252,PNur,trauš,,strand
n1255,PNur,tre-kâra,,strand
n1256,PNur,trikaṭi,,strand
n1259,PNur,triutse,,strand
n1262,PNur,triaṇa,,strand
n1264,PAr,tri-pâda-ka-,three-footed,strand
n1265,PNur,travai,,strand
n1269,PNur,tras,,strand
n1270,PNur,dar-,wash,strand
n1271,Prs,darbâr,court,strand
n1272,PNur,ḍunda,,strand
n1273,PNur,ḍunḍa,,strand
n1274,Psht,d′am kïlay,Dam Village,strand
n1275,PNur,damak-,teeter,strand
n1276,PNur,dâi,,strand
n1277,PNur,dâṛi,,strand
n1278,PNur,dâṛi âṭi,,strand
n1279,PNur,-dâra,,strand
n1280,PNur,-dâri,,strand
n1281,Prs,dâru,gunpowder,strand
n1282,PNur,dâp,frame-drum,strand
n1283,PNur,dâvaźi,statue,strand
n1284,PNur,dama-,,strand
n1285,PNur,dâm,,strand
n1288,PAr,da:ya-âd'a-,kinsman [“share-taking”],strand
n1291,PNur,da˜,,strand
n1292,PNur,dâ˜,,strand
n1295,PNur,davero,,strand
n1299,OIA,du:-ya-te,is burnt,strand
n1300,PAr,upa-du:-ya-,pain; affliction,strand
n1301,OIA,upa-du:-ya-te,is hurt,strand
n1304,OIA,du:-man-,distress,strand
n1305,PNur,koidum,,strand
n1306,Dåmiâ,dåman,,strand
n1307,PNur,dis,'silo' storage bin,strand
n1308,Arb,dīn,faith,strand
n1312,OIA,dev′a-,heavenly; god; demon,strand
n1313,OIA,deva-lok′a-,world of the gods,strand
n1315,PAr,div′a-,sky; day,strand
n1318,PNur,u-ǰu-ma,,strand
n1322,PNur,dos,,strand
n1326,PNur,pa-dur-i,,strand
n1328,PNur,su-dur,,strand
n1329,PNur,su-dur-i,,strand
n1332,PAr,d′ačš-i-na-,right,strand
n1336,PNur,dać,,strand
n1338,PNur,daš,,strand
n1339,Prs,deǧ,pot,strand
n1343,PNur,drišt,,strand
n1345,PNur,driṣṭ,,strand
n1349,OIA,ud-dra:-ti,flees; flies,strand
n1352,PNur,drama-,,strand
n1354,PAr,drâv-a-,speed; flight,strand
n1357,OIA,drâv-′aya-ti,causes to run; makes flow,strand
n1358,Prs,dereši,suit,strand
n1362,PNur,dar,,strand
n1365,PNur,dâv,,strand
n1367,PNur,dâv,,strand
n1371,PNur,dro˜,,strand
n1375,PNur,dâla-,,strand
n1377,PAr,dri-ka-,split,strand
n1381,PNur,driga-la,,strand
n1382,PNur,driga-na,,strand
n1383,PNur,"driga-ṛa-
la",,strand
n1387,PNur,daćaṇi,,strand
n1390,PNur,sânduć,,strand
n1393,PNur,dâmâv-,,strand
n1397,PNur,du,,strand
n1398,PNur,du-du,,strand
n1400,PNur,di-og,,strand
n1403,PNur,duić,,strand
n1406,PNur,bâš,,strand
n1407,PNur,bâš-pâ,,strand
n1411,PNur,duvaši,,strand
n1416,PNur,doṣ,,strand
n1420,PNur,dabala,,strand
n1421,PNur,dabal-i,,strand
n1425,PNur,duk,,strand
n1426,Prs,duzax,hell,strand
n1431,PNur,duma,,strand
n1432,PNur,dumaṛi,,strand
n1433,Arb,duʕâ,prayer,strand
n1434,PNur,dübaka,1/4 bushel,strand
n1437,PAr,daus-,forearm,strand
n1439,PNur,âdasa-,,strand
n1442,PAr,d′a-dâ-ti,gives,strand
n1443,OIA,pr′a-da-dâ-ti,give,strand
n1446,OIA,pr′a-tta-,gives away,strand
n1449,OIA,pra-dâru-,gift,strand
n1450,PNur,draŋâ,knee,strand
n1451,PNur,dro,,strand
n1452,PNur,droi,,strand
n1453,PNur,drâl,spiderweb,strand
n1454,PNur,druš,crack in rock,strand
n1455,PNur,drušâ,bolt (of door or window),strand
n1458,PAr,duǰʱ′u:-,tongue,strand
n1459,OIA,ǰuh′u:-,tongue,strand
n1461,PAr,diǰʱu-a:-,tongue,strand
n1462,OIA,ǰiɦv′a-:-,tongue,strand
n1467,PNur,indro˜,,strand
n1468,PNur,dama,,strand
n1470,PNur,disani,,strand
n1473,PAr,daiǰʱ-a-,makes; builds,strand
n1474,PNur,diźa-,,strand
n1478,PNur,dum,,strand
n1480,PNur,drum,,strand
n1481,PNur,drumaṇa,,strand
n1486,PNur,dove-,,strand
n1489,OIA,d′oɦ-a-,milking; milk,strand
n1491,PAr,dʱaugʱ-ra-,milk,strand
n1495,PNur,dâ,,strand
n1498,PNur,dâ-,,strand
n1500,PAr,dʱ′ar-ma-,what is established; duty,strand
n1503,PNur,dâr,,strand
n1504,PNur,dâri,,strand
n1508,PNur,drâs,,strand
n1509,OIA,dr′âkṣa-:-,vine; grape,strand
n1514,PNur,dama,,strand
n1519,PNur,dam-âv-,,strand
n1522,PNur,dama,,strand
n1523,PNur,dama-tâ˜,,strand
n1527,OIA,dʱat-t′e,places; lays on,strand
n1529,PNur,pre-,,strand
n1531,PNur,sanda-,,strand
n1534,PNur,sam-dâv-,,strand
n1537,OIA,saɦ′a-aya-,companion; helper,strand
n1541,PNur,se,,strand
n1546,PNur,daṇi,,strand
n1547,PNur,dâṛ,,strand
n1551,PNur,dor,,strand
n1552,PNur,duvâk,,strand
n1553,PAr,dvâra-,door,strand
n1557,PNur,duǰit,,strand
n1558,PNur,duǰu,,strand
n1562,PNur,drüć,,strand
n1565,PAr,s′a-,,strand
n1566,PNur,sa,,strand
n1567,PNur,saka,,strand
n1568,PNur,sa-vara,,strand
n1571,PNur,-š,,strand
n1572,PNur,-ši,,strand
n1574,PAr,′as-a-,,strand
n1575,OIA,′as-a-mi,be,strand
n1576,OIA,as-a-m,be,strand
n1577,OIA,as-a-masi,be,strand
n1578,OIA,as-anti,be,strand
n1579,OIA,as-a-si,be,strand
n1580,OIA,as-a-thana,be,strand
n1581,OIA,as-a-ti,be,strand
n1582,PAr,as-,,strand
n1585,PNur,sta,,strand
n1587,PAr,sv′a,,strand
n1590,OIA,ni-ṣ′ad-a-na-,sit,strand
n1591,PAr,s′ad-a-na-,,strand
n1595,PNur,niṣâ,,strand
n1598,PNur,niše-,,strand
n1600,PNur,-šid-,,strand
n1601,PNur,ṣâṣ,,strand
n1602,PNur,sâṭ,,strand
n1603,Prs,sarkâri,governmental,strand
n1604,PNur,satik,small intestine,strand
n1605,Arb?,satl,bucket,strand
n1606,Arb,salâm,peace,strand
n1607,PNur,sannâ,,strand
n1608,PNur,piča-,,strand
n1609,PNur,su-piča-,,strand
n1610,PNur,sankiâ,arsenic,strand
n1611,Prs,sangar,trench,strand
n1612,PAr,*sampr̥či:-,juniper,strand
n1616,PNur,so,,strand
n1617,PNur,soi,,strand
n1618,PNur,sâ te-,keep,strand
n1619,PNur,sâr,,strand
n1621,PNur,saraŋi,,strand
n1622,PNur,sâtra,,strand
n1623,PNur,sâ˜ṭ-,bury,strand
n1624,PNur,sâ˜,,strand
n1625,PNur,sika,,strand
n1626,PNur,sikâ,,strand
n1627,PNur,sipia˜,quilt,strand
n1630,PAr,â-si:v-ya-ti,sews together,strand
n1632,PNur,šiva-,,strand
n1633,PNur,šiva-la,,strand
n1635,PAr,su:-k̂′i-:-,needle,strand
n1637,PAr,su:tr-aya-ti,strings together,strand
n1639,PAr,s′u:-tra-,thread,strand
n1642,PAr,s′u:pa-,soup; broth,strand
n1643,PAr,su:p-′i:ya-,suitable for soup,strand
n1644,PNur,sivâ,,strand
n1645,PNur,suvâ,,strand
n1650,PNur,-sača-,,strand
n1655,PNur,sača-,,strand
n1656,PNur,sac̣ia-,,strand
n1660,PNur,ṣača-,,strand
n1661,PNur,ser,flat ground,strand
n1665,PNur,sal-ik-a-,,strand
n1666,PNur,sir-ik-a-,,strand
n1669,OIA,niḥ-sâr-aya-ti,expels,strand
n1670,Prs,setâr,three-stringed lute,strand
n1674,PNur,sar,,strand
n1678,PNur,sat,,strand
n1681,PNur,satić,,strand
n1682,PNur,satlić,,strand
n1684,PNur,satâš,,strand
n1688,PNur,sam-,,strand
n1691,PNur,sama,,strand
n1696,PNur,sev,,strand
n1699,PAr,su-,good-,strand
n1700,PAr,su-bʱ′ar-a-,easily carried,strand
n1702,PNur,sudram,,strand
n1703,PAr,su-kh′a-,running easily; easy,strand
n1705,PNur,su-rup,,strand
n1707,PNur,sonn,,strand
n1708,PNur,sunn-vâni,,strand
n1710,PNur,su-vâr,,strand
n1711,PAr,su-vatsi-ka-:-*,a goddess,strand
n1715,OIA,ut-sved-a-,sweat,strand
n1719,PNur,ća-ćru,,strand
n1720,PNur,ća-ćur,,strand
n1722,PNur,išpa-šur,,strand
n1725,PNur,ća-ćr,,strand
n1727,PNur,išpa-š,,strand
n1732,PNur,ṣo,,strand
n1735,PNur,ṣo-dić,,strand
n1736,PNur,ṣo-ić,,strand
n1738,PNur,ṣo-iš,,strand
n1740,PNur,ṣo-ḍaš,,strand
n1744,PNur,sas,,strand
n1745,PNur,sivas,,strand
n1748,PNur,paṣi,,strand
n1749,PNur,ṣapaṣi,,strand
n1752,PAr,sv′an-a-ti,sounds,strand
n1755,PAr,svâpa-,sleep,strand
n1757,PAr,pra-sup-a-ti*,falls asleep,strand
n1759,PAr,pra-sup-ti,sleepiness,strand
n1760,PNur,prost,,strand
n1761,Prs,sur,tone,strand
n1762,Prs,sud,profit,strand
n1766,OIA,š′uṣ-ya-ti,becomes dry,strand
n1770,PNur,ṣika,,strand
n1773,PNur,sušt′a,,strand
n1774,OIA,ut-šuṣ-ka-,dried up,strand
n1775,OIA,ut-šuṣ-ṭa-,dry,strand
n1776,PNur,sup-,stuff,strand
n1779,PAr,su:-kar′i-:-,sow,strand
n1780,Prs,suhân,file,strand
n1781,Prs,sost,weak,strand
n1785,PNur,sav,,strand
n1786,PNur,sav-,,strand
n1789,PNur,sav-stak,,strand
n1790,Prs,sonǰet,jujube,strand
n1791,PNur,sobat,grazing fee,strand
n1792,Prs,sombolâ,Virgo,strand
n1793,PNur,kanda,,strand
n1796,PAr,skambʱ-′a-,prop; pillar,strand
n1800,PNur,vi-ćâ-,,strand
n1802,PAr,sčid-a-,cuts,strand
n1803,PNur,dvi-ć′i,,strand
n1806,PNur,sćo-p-,,strand
n1808,PAr,sčind-a-ti,cuts off; splits,strand
n1812,OIA,skav-a-ti,picks; pokes,strand
n1815,PAr,sča:-,shade; shadow,strand
n1818,PNur,nića,,strand
n1819,PAr,pra-sča:-yâ-,dense shade,strand
n1820,PNur,ćâṇa,,strand
n1821,PNur,sia˜,,strand
n1824,PAr,srut′i-,stream; road; path,strand
n1828,OIA,go-ṣṭh′a-,cow-house; meeting place,strand
n1830,OIA,stha:-p-′aya-ti,causes to stand,strand
n1831,PNur,te-,,strand
n1832,PAr,stha:-ti,stands up,strand
n1833,PAr,ut stha:-ti,stands up,strand
n1834,PAr,vi-stha:-ti,stands up,strand
n1837,PNur,utala,,strand
n1838,PNur,utala-,,strand
n1840,PAr,sth′a:-na-,stance; position; place,strand
n1844,PNur,psṭi,,strand
n1847,PNur,tia-,,strand
n1850,OIA,ut-thi-nna-,arisen,strand
n1853,PNur,tâ,,strand
n1856,PNur,štu,,strand
n1861,PNur,štana,,strand
n1866,PNur,saćiuŋ,,strand
n1867,PNur,ćiuŋ,,strand
n1870,PAr,stâva-,praise,strand
n1873,PAr,st′u-ka-:-,knot of hair,strand
n1876,PNur,štu,,strand
n1880,PNur,štara-,,strand
n1883,PNur,âštara-,,strand
n1886,PNur,ištâr,,strand
n1887,OIA,upa-st′ar-a-,anything laid under,strand
n1889,PAr,â-star-a-,covering; cushion,strand
n1890,PNur,"âstra 
vâṇâ",,strand
n1893,PNur,štâr,,strand
n1895,PAr,star-a-na-,layer,strand
n1897,PAr,â-star-a-na-,bed; coverlet,strand
n1900,PNur,vištaṛ,,strand
n1904,PNur,tal,,strand
n1907,PNur,tâl,,strand
n1909,PIE Form,s-ten-e-,,strand
n1913,PNur,štamb,,strand
n1915,PAr,sthumbʱa-,prop,strand
n1920,PNur,štâ,,strand
n1924,PNur,târa,,strand
n1926,PAr,st′r̥-,star,strand
n1927,PNur,stri,,strand
n1932,PNur,pâl,,strand
n1935,OIA,sphuṭ-aya-ti,makes clear,strand
n1937,PAr,spuṭ-ya-ti,is burst open,strand
n1942,PNur,peṇa,,strand
n1946,PNur,priź-,,strand
n1948,PNur,pra,,strand
n1950,PNur,priǰ-,,strand
n1952,PNur,spriźn-,,strand
n1956,OIA,šm′ašru-,beard; mustache,strand
n1957,Arb,zaxm,injury,strand
n1958,Prs,zang,rust,strand
n1959,Prs,zanǰir,chain,strand
n1960,Prs,ziân,loss,strand
n1961,Prs,zin,saddle,strand
n1962,Prs-Arb,zīârat,shrine,strand
n1963,Ir,zūra,difficulty,strand
n1965,PAr,-l-,,strand
n1966,PAr,-la-,,strand
n1967,PNur,-la-,,strand
n1968,OIA,â-l′a-,,strand
n1969,PNur,laka,close kin,strand
n1973,OIA,lâk-ṣ′a-:-,lac; red dye,strand
n1976,OIA,rak-ta-,colored; dyed,strand
n1980,OIA,â-lag-ya-ti,adheres to,strand
n1983,OIA,â-lag-na-,fastened to,strand
n1984,Psht,laǰor′i,tribal levy,strand
n1985,PNur,la,,strand
n1986,PNur,â-laša,,strand
n1987,PNur,lalâv,foreshank,strand
n1988,PNur,lând,,strand
n1989,PNur,lâṇḍa,,strand
n1990,PNur,lâṇi,,strand
n1991,Psht,lanḍay sin,Short River,strand
n1992,PNur,lapa-,,strand
n1996,OIA,r′abʱ-a-te,takes hold of,strand
n1998,PAr,lâbʱ-a-,finding; profit,strand
n2001,PNur,lâd,,strand
n2004,PNur,latri,,strand
n2005,PNur,lavanḍa,,strand
n2006,PNur,lâvanḍa,,strand
n2007,PNur,lâunǰa,small lizard,strand
n2008,PNur,lâṭ,trap,strand
n2009,PNur,lâsa-,,strand
n2010,PNur,lir,,strand
n2011,PNur,lisṭ-,chase; attack,strand
n2012,PNur,lei,abundant; good,strand
n2017,PNur,â-riâu,,strand
n2020,PNur,riâu,,strand
n2022,PAr,pr′a-li:-ya-te,is dissolved,strand
n2024,PNur,vilia-,,strand
n2025,OIA,vi-ri:-ya-te,is melted,strand
n2029,PNur,liźa-,,strand
n2033,PNur,lipa-,,strand
n2037,PNur,letra,,strand
n2039,PAr,lâv-a-,reaping,strand
n2044,PNur,roč-,,strand
n2047,OIA,l′oč-a-te,sees; [causative] shines,strand
n2049,PNur,ro,,strand
n2050,PNur,rovâ,,strand
n2055,PNur,lotra,,strand
n2059,OIA,lagʱ′u-kka-,light,strand
n2062,PAr,lard-a-,fight,strand
n2065,PAr,lap-a-ti,talks,strand
n2066,OIA,vi-lap-a-ti,wails,strand
n2069,OIA,â-lâp-′a-,speech,strand
n2073,PNur,ulama-,,strand
n2076,PNur,ulamâ-,,strand
n2078,PAr,ava-lamb-a-,hanging down,strand
n2080,OIA,ramb-a-,hang down,strand
n2082,OIA,â-lamb-a-,support,strand
n2085,PNur,lamaṇa,,strand
n2088,PAr,langa-,lame,strand
n2089,PNur,lui-kâṇḍ,blood-vessel,strand
n2090,Urdu,luṭ,money,strand
n2091,PNur,luṭ,,strand
n2095,PNur,iuv,,strand
n2096,PNur,luṣa-,,strand
n2097,PNur,loṛ,loom,strand
n2100,PAr,a-,,strand
n2103,PNur,na,,strand
n2104,OIA,na-iva,not indeed,strand
n2108,PNur,nâi,,strand
n2111,PNur,-˜,,strand
n2113,PAr,-n′a-,,strand
n2116,PNur,-˜,,strand
n2117,PNur,-ṇ,,strand
n2118,PNur,-na-,,strand
n2120,PAr,-a-i-na,,strand
n2123,PNur,-a˜,,strand
n2125,PAr,as-m′â-,,strand
n2128,PNur,-n,,strand
n2131,PNur,-˜ta,,strand
n2132,PNur,-nda,,strand
n2134,PNur,-st,,strand
n2137,PNur,-na-,,strand
n2139,PAr,-an-t-,,strand
n2140,PNur,-nda,,strand
n2143,PNur,âtara-,,strand
n2147,PNur,adi,,strand
n2150,PNur,di-,,strand
n2154,PNur,di-,,strand
n2157,PNur,ni,,strand
n2158,PNur,nâṭu,,strand
n2159,Arb,naṣīhat,advice,strand
n2163,PNur,nâs,,strand
n2165,PAr,nâs-â-puṭa-,nostril,strand
n2168,OIA,nas-ta-,nose,strand
n2169,Prs,nasvâr,snuff,strand
n2173,OIA,nânna-,term for older kinsman,strand
n2174,PNur,nânn,,strand
n2175,PNur,nânni,,strand
n2178,PNur,naṇa,,strand
n2179,PNur,nav-,shin,strand
n2180,PNur,nuni,,strand
n2181,Middle Prs,namâč,prayer,strand
n2182,PNur,nâ las vâni,disadvantaged,strand
n2183,PNur,nâušik,winnowing tray,strand
n2184,PNur,nâṛ,,strand
n2185,PNur,nâṣ,beak,strand
n2186,PNur,nâr,lair,strand
n2187,PNur,nâskâr,face,strand
n2188,PNur,nâm-sâ˜ṭ,namesake,strand
n2192,PNur,no,,strand
n2193,Arb,nikâ,wedding ceremony,strand
n2194,PNur,ninga-,,strand
n2195,PNur,lusṭik,,strand
n2196,PNur,-nis-,come out; show up,strand
n2197,PNur,ningaṣ,enemy,strand
n2198,Prs,nim randa,half-plane,strand
n2199,PNur,nila,,strand
n2200,PNur,niv,,strand
n2201,PNur,nivâ,,strand
n2202,PNur,nila,,strand
n2203,PNur,nila-i,,strand
n2204,PNur,ni-nila,,strand
n2208,PNur,niǰa-,,strand
n2212,PNur,nu·i˜,,strand
n2213,PNur,nu·inka,,strand
n2216,PNur,nušt,,strand
n2219,OIA,un-nava-,very new,strand
n2223,OIA,nâš-′ay-a-ti,destroys; drives away; removes,strand
n2225,OIA,nâš-a-,destruction; ruin; death,strand
n2229,PNur,nasṭa,,strand
n2230,Prs,nešân,mark,strand
n2233,PAr,n′r̥-,man; male,strand
n2237,PNur,nâṭ,,strand
n2241,PNur,nandi,,strand
n2244,PAr,nad′a-,kind of reed; tube,strand
n2248,PNur,navâ,,strand
n2251,PNur,nat,,strand
n2254,PAr,n′am-a-ti,bends; bows,strand
n2255,PNur,nut-i-navâ,great-grandchildren,strand
n2259,PNur,nu-tri,,strand
n2260,PAr,nu:-n′am,now,strand
n2263,PAr,nagn′-a,naked,strand
n2264,PNur,c̣ala,abomasum,strand
n2265,Kal-mun,J̣ac̣,J′uc̣,strand
n2266,PNur,ṭaka-,,strand
n2267,PNur,ṭâ-,place,strand
n2268,PNur,ṭimikü,kind of drum,strand
n2269,PNur,trik-,,strand
n2270,PNur,ṭum,pear,strand
n2271,PNur,ṭoka,,strand
n2272,PNur,ṭopi,,strand
n2273,PNur,ṭupa,,strand
n2274,PNur,ṭupai,,strand
n2275,PNur,ṭra,fart (audible),strand
n2276,PNur,ḍa-ḍak-,,strand
n2277,PNur,ḍaga,,strand
n2278,PNur,ḍagara,,strand
n2279,PNur,ḍa˜kiâr,wolf,strand
n2280,PNur,ḍan,fine,strand
n2281,PNur,ḍaŋgura,,strand
n2282,PNur,ḍavara,flat,strand
n2283,PNur,ḍâkni,,strand
n2284,PNur,ḍâḍu,jujube,strand
n2285,PNur,ḍiga-,reach to,strand
n2286,PNur,ḍillik,,strand
n2287,PNur,ḍola,stalk; tassle,strand
n2288,PNur,ḍâḍ,,strand
n2289,PNur,ḍuŋa,,strand
n2290,PNur,ṣačâm,snot,strand
n2291,Arb,ṣandūq,box,strand
n2292,Arb,ṣaḥīḥ,correct; true,strand
n2293,PNur,ṣâ-koṭa-,skull,strand
n2294,PNur,ṣâṛa,head (of livestock),strand
n2295,Psht,ṣâm,,strand
n2296,PNur,ṣiâ˜,stomach; udder; groin,strand
n2297,PNur,ṣiŋ-niṣâ˜,horn-chair,strand
n2298,PNur,ṣut-vo,Ṣup'u,strand
n2299,PNur,ṣunḍ-,knead,strand
n2300,PNur,ṣpik,scabbard,strand
n2301,Arb,ẓâbiṭ,officer,strand
n2305,PNur,-ra,,strand
n2306,PNur,-ra-,,strand
n2307,OIA,â-r′a-,,strand
n2308,Prs,raxt,clothes,strand
n2312,PNur,â-ras′a-,,strand
n2313,Arb,rasm,custom,strand
n2314,PNur,ranč,,strand
n2315,PNur,ranźa-,,strand
n2316,Prs,randa,plane,strand
n2317,OIA,rap,talk,strand
n2318,PNur,rava-,,strand
n2319,PNur,râmâ,,strand
n2320,Arb,raʕīyyat,subject,strand
n2321,PNur,râkust,musk deer,strand
n2322,PNur,ẓum,,strand
n2323,PNur,râź,raceme,strand
n2324,PNur,râtr,,strand
n2325,PNur,râtr-,,strand
n2326,PNur,râtvâr,,strand
n2327,PNur,râl,pubic hair,strand
n2329,PNur,â-râm,,strand
n2330,PNur,râmâ-gal,Řâmgal,strand
n2331,PNur,ria,black,strand
n2332,PNur,â-rika-,,strand
n2333,PNur,rika-,,strand
n2337,PNur,li + ?,,strand
n2341,PNur,ẓu,,strand
n2346,PNur,ro,,strand
n2350,OIA,loɦ-i-la-,red,strand
n2353,PNur,l′aui,,strand
n2355,OIA,rodʱ-i-ta-,red,strand
n2358,OIA,loɦ-′a-,red; copper; metal,strand
n2362,OIA,roman-tha-,rumination,strand
n2363,PNur,čaṇḍa-re˜,,strand
n2364,PNur,re˜,,strand
n2367,PAr,rama-,lover,strand
n2368,PNur,rok,,strand
n2369,PNur,ru,,strand
n2370,PNur,ẓu-vana,,strand
n2371,PNur,aru,,strand
n2372,PNur,aru-i,,strand
n2373,PNur,ro-,,strand
n2374,PNur,ro-i-,,strand
n2378,PNur,r̥ć,,strand
n2379,PNur,čača˜,edible pine,strand
n2380,Prs,čars,hashish,strand
n2381,PNur,čapa-,,strand
n2382,PNur,"čapa-
aṇḍa",,strand
n2383,PNur,čapa-la-,,strand
n2384,PNur,čapa-ra,,strand
n2385,PNur,čapa-ṭa,,strand
n2386,Prs,čang,Jew's harp,strand
n2387,PNur,ćaćum,,strand
n2388,PNur,čavala,slope,strand
n2389,Prs,čâi,tea,strand
n2390,PNur,čâ,,strand
n2391,PNur,čâṭ,,strand
n2392,PNur,ćarâm,,strand
n2393,PNur,čâra,,strand
n2394,PNur,čâra-,,strand
n2395,PNur,čâra-la,,strand
n2396,PNur,čâtr,,strand
n2397,Prs,čâdar,sheet; men's shawl,strand
n2398,PNur,čiâk,wicker basket,strand
n2399,PNur,ćiu,,strand
n2401,PNur,ša,,strand
n2402,PNur,čiŋ,,strand
n2403,PNur,čikala,,strand
n2404,PNur,čikara,,strand
n2405,PNur,či,,strand
n2406,PNur,čit,,strand
n2407,PNur,čitân,,strand
n2408,Urdu,čilam,receptacle part of hookah,strand
n2409,PNur,čit-,,strand
n2410,PNur,čima-gu,metal scraps,strand
n2411,PNur,čima-dor,frying pan,strand
n2412,PNur,čima,,strand
n2413,PNur,čâṭa,,strand
n2414,Prs,čerâǧ,lamp,strand
n2415,PNur,čuk-vâni,Chugani,strand
n2416,PNur,čuču,,strand
n2417,PNur,čuk,,strand
n2418,Psht,č′urta,worry,strand
n2419,Psht,čurt′i,worried,strand
n2420,PNur,čusṭ,piece of wood,strand
n2422,PNur,ćupa-,,strand
n2423,PNur,čum,earthquake,strand
n2424,PNur,čoṛa,,strand
n2425,PNur,čom,torch wood,strand
n2426,PNur,ćpâi,,strand
n2428,PNur,špâi,,strand
n2429,PNur,ča˜,,strand
n2430,PNur,c̣aṇa,,strand
n2431,PNur,c̣aṇi,,strand
n2432,Arb,ǰanâzah,funeral,strand
n2433,Arb,ǰannat,paradise,strand
n2434,Arb,ǰahâz,ship,strand
n2435,Prs,ǰâi,place,strand
n2436,PNur,ǰâši,Jâši,strand
n2437,PNur,ǰâta,other,strand
n2438,PNur,ǰâlik,omasum,strand
n2439,PNur,ǰâmač,,strand
n2440,Prs,ǰovâr,maize,strand
n2442,PNur,ǰur-,,strand
n2443,PNur,ǰur-,,strand
n2444,PNur,ẓâṛ,,strand
n2445,PNur,źul,,strand
n2446,PNur,ǰala,,strand
n2447,Arb,šaīṭân,Satan,strand
n2448,Psht,šagal′ay,bad quality arms,strand
n2449,PNur,šar,,strand
n2450,Psht,šarwâl,trousers,strand
n2451,OIA,šank,fear; doubt,strand
n2452,PNur,šâ˜ṭa,,strand
n2453,PNur,šâ˜ta-ra,,strand
n2454,PNur,šavaš,side of body,strand
n2455,PNur,šaṛa,,strand
n2456,PNur,šâli,,strand
n2457,PNur,šâ˜kuṛa,young bull (3-4 years),strand
n2458,PNur,ṣâm,,strand
n2459,PNur,šiŋira,light colored (eyes),strand
n2460,PNur,šiṛ,stairway,strand
n2461,PNur,ṣil,,strand
n2462,PNur,šala,,strand
n2463,PNur,šala-i,,strand
n2464,PNur,ṣiâl,,strand
n2465,PNur,šačila,,strand
n2466,PNur,šuṇḍ,,strand
n2467,Prs,šogun,good omen,strand
n2468,Khowąr,šoq`a,cloak,strand
n2469,Prs,šōra,alkalai deposit,strand
n2470,PNur,ṣača,,strand
n2471,PNur,iaṣ,,strand
n2472,PNur,ios,,strand
n2473,PNur,iov,,strand
n2474,Prs,yâ,or,strand
n2477,PAr,ai-ka-,,strand
n2478,OIA,ʹeka-,one,strand
n2480,OIA,eka-tva-na-,oneness,strand
n2482,OIA,eka-v′r̥t-,simple,strand
n2485,PNur,ev,,strand
n2488,PNur,âc̣andoć,,strand
n2489,PNur,iândić,,strand
n2490,PNur,źuz,,strand
n2494,PNur,iâš,,strand
n2497,PNur,i-na,,strand
n2500,PNur,i-ka,,strand
n2503,PNur,i-,,strand
n2505,PAr,ai-v′a-,,strand
n2508,PNur,-i,,strand
n2510,PAr,-a-i,,strand
n2513,PNur,e-,,strand
n2514,OIA,vy-`e-ti,goes away,strand
n2517,OIA,â-ya:-ti,comes near,strand
n2518,OIA,v′i-ya:-ti,passes through,strand
n2520,PAr,-aya-,,strand
n2521,PNur,iaṣkoṣ,predator; wild animal,strand
n2522,PNur,iâsa-,"extinguish; erase, rub out",strand
n2523,PNur,iâla,whey,strand
n2528,PNur,ǰuṣ,,strand
n2529,PNur,ǰuṣâu,,strand
n2533,OIA,n′i-yuv-a-ti,binds on; fastens,strand
n2535,PNur,io-,,strand
n2536,PNur,io-la,,strand
n2538,PAr,yug′a-,yoke,strand
n2540,PAr,yâsa-,girdle,strand
n2544,PNur,ia,,strand
n2548,PNur,iud,,strand
n2552,PNur,iani,,strand
n2554,PAr,yak-n-′as,liver,strand
n2558,PNur,iaź,,strand
n2562,PNur,iâri,,strand
n2567,PNur,iâma-ṇa,,strand
n2569,PAr,yam′a-,"Yama, god of death",strand
n2571,PNur,iamarâ,,strand
n2574,OIA,yantra-ka-,controlling device; handmill,strand
n2577,PAr,yus-m′â-,you (plural),strand
n2580,PNur,-v,,strand
n2581,PNur,vi,,strand
n2582,Prs,ibrâḥim xâni,Ibrahim Khan variety,strand
n2583,PNur,ir,,strand
n2584,PNur,-e,,strand
n2588,PNur,iava-,,strand
n2593,PNur,ušpa,,strand
n2596,PAr,agn′i-,fire,strand
n2600,PNur,′ânźa,,strand
n2603,PNur,âźâ,,strand
n2607,PNur,âṭâ˜,,strand
n2609,PNur,âṭâ,,strand
n2614,PNur,âras vâ,,strand
n2618,PNur,âṣe,,strand
n2622,OIA,likṣ′a-:-,nit; young louse,strand
n2626,OIA,′r̥ṣ-ṭi-,spear,strand
n2630,PNur,da˜t,,strand
n2632,PNur,"da˜t + 
mas",,strand
n2636,PNur,ândâ,,strand
n2638,PNur,ânǰi,,strand
n2641,PAr,arn-,elbow,strand
n2645,PNur,no,,strand
n2647,PNur,n′âdić,,strand
n2648,PNur,n′oić,,strand
n2651,PAr,nâbʱa-,navel,strand
n2655,PNur,nâli,,strand
n2657,PNur,nâr′a,,strand
n2661,PNur,nâm,,strand
n2664,PAr,a:t-m′an-,breath; soul,strand
n2665,PNur,âmu-če˜,,strand
n2668,PAr,′â,to; at,strand
n2669,PNur,â-,,strand
n2673,PNur,âṛa,,strand
n2677,PNur,ćâv,,strand
n2679,PAr,čânku-,stake; stick,strand
n2683,PNur,ćića,,strand
n2686,PAr,čik-,"rain, drizzle",strand
n2689,PAr,čyâ-ma-:-,hen pheasant,strand
n2691,PNur,šâm,,strand
n2694,PNur,-ć-,,strand
n2698,PNur,ćâṛa,,strand
n2703,PNur,šut,,strand
n2708,PNur,soč,,strand
n2710,PNur,soč,,strand
n2713,OIA,šoč-′is-,flame; glow,strand
n2714,PNur,ṣoč,,strand
n2718,PNur,suta,,strand
n2719,PNur,šuta,,strand
n2723,PNur,ćâvâr,,strand
n2724,PNur,ćvâtvar,,strand
n2727,PNur,ćuni,,strand
n2731,PNur,ća˜,,strand
n2734,PNur,ćr̥ṭ,,strand
n2736,PNur,šr̥ṭ,,strand
n2739,PAr,čir-as-,head,strand
n2741,PAr,čr-â-ya-,head,strand
n2743,PNur,ṣai,,strand
n2746,PNur,ućaṇ,,strand
n2748,PAr,čr-u-:-,horn,strand
n2752,PNur,ṣiŋ,,strand
n2756,PNur,ṣiŋara-,,strand
n2760,PNur,ṣiŋara-,,strand
n2764,PNur,šiŋdro˜,,strand
n2767,OIA,šara-bʱ′a-,kind of deer,strand
n2768,PNur,šaru-tâṛ,,strand
n2771,PNur,ćarva,,strand
n2772,PNur,ćarva-tâṛ,,strand
n2776,PNur,źara,,strand
n2777,PNur,źardi,,strand
n2780,PNur,źo,,strand
n2781,PNur,źoi,,strand
n2786,PNur,šav-,,strand
n2791,PNur,ṣa-,,strand
n2793,PNur,au-ṣa-,,strand
n2797,OIA,šala-kka-,grasshopper,strand
n2802,PNur,šara,,strand
n2803,PNur,šara-vâr,,strand
n2808,PNur,šaṛ,,strand
n2813,PNur,šâl,,strand
n2816,PAr,čânka-,fear; distrust,strand
n2819,PAr,či-t′a-,sharp,strand
n2821,PNur,-ši-,,strand
n2825,PNur,ćâ,,strand
n2829,PNur,ćo˜,,strand
n2834,PNur,šâ˜,,strand
n2835,PNur,šo˜,,strand
n2836,PNur,ṣo˜,,strand
n2841,PNur,šul,,strand
n2844,PAr,čarma-,shame,strand
n2847,PAr,a-čri:-ka-,not beautiful,strand
n2851,PNur,ćâṇa-,,strand
n2856,PNur,uṣa-,,strand
n2859,PNur,c̣i-k,,strand
n2863,PNur,c̣â,,strand
n2867,PNur,ṣo,,strand
n2871,PNur,c̣o˜,,strand
n2875,PNur,źar,,strand
n2879,PNur,źara-,,strand
n2883,PNur,âźâ,,strand
n2886,PNur,źâtr,,strand
n2889,PNur,źanki,,strand
n2892,PNur,źat,,strand
n2895,PNur,źâ-,,strand
n2898,PNur,źâ-ka-,,strand
n2902,PNur,â-źâna-,,strand
n2904,PNur,źâna-,,strand
n2908,PNur,źâ˜,,strand
n2912,PNur,źamâ,,strand
n2916,PNur,ǰâmi,,strand
n2917,PNur,ǰu-ǰâmi,,strand
n2921,PNur,źamb-,,strand
n2922,PNur,ǰâlâi,,strand
n2926,PNur,źe˜,,strand
n2927,PNur,"źe˜-
aṛama",,strand
n2929,PNur,źe˜-vâr,,strand
n2932,PNur,źim,,strand
n2935,PNur,źim-nara,,strand
n2939,PNur,dast,,strand
n2940,PNur,dast-sta,,strand
n2944,PNur,azâr,,strand
n2948,PNur,źar-,,strand
n2949,PNur,źiar-,,strand
n2952,PNur,âidra,,strand
n2953,PNur,arida,,strand
n2956,PNur,źaṇa,,strand
n2959,PAr,ǰ′a-ǰʱa:-ti,leaves; puts away,strand
n2962,PNur,-âk,,strand
n2963,PNur,-ik,,strand
n2964,PNur,-k,,strand
n2967,PNur,-i,,strand
n2971,OIA,k′evala-,alone,strand
n2975,PNur,ke˜ć,,strand
n2976,PNur,keć,,strand
n2977,PNur,krom,,strand
n2978,PNur,kâč-,,strand
n2979,PNur,kâč-,,strand
n2981,PNur,kâc̣-,,strand
n2982,PNur,kaṣ,,strand
n2983,PNur,kaṣ-,,strand
n2984,OIA,kaṭaka-,army,strand
n2985,PNur,kaṣka,hoof,strand
n2986,PNur,kaṣkâṛu,spruce,strand
n2991,PNur,kakaṛa,,strand
n2992,PNur,karaṭa,stout,strand
n2993,PNur,karavâṭ,stone pot,strand
n2994,PNur,karenǰ,scalplock,strand
n2995,PNur,karu,flood,strand
n2996,PNur,karoṭ,club,strand
n2997,PNur,kâr,,strand
n2999,PNur,kârmoṭa,,strand
n3000,Eng,k′artriǰ,cartridge,strand
n3005,PNur,kâṣa-,,strand
n3006,PNur,kaṣe-,,strand
n3007,PNur,kâṣe-,,strand
n3011,PNur,kaṣak,,strand
n3012,PNur,kaṇḍa,forelock,strand
n3013,PNur,kalaṣa,Kalaṣa,strand
n3014,PNur,kala,,strand
n3015,PNur,kaletra,*outsider,strand
n3016,PNur,kaŋa,,strand
n3017,PNur,kaṭ,,strand
n3018,PNur,kaṇḍa,,strand
n3019,PNur,kaṭ,,strand
n3023,PNur,čandalu,,strand
n3025,PNur,kav,,strand
n3026,PNur,kavi,,strand
n3028,PNur,kavit,,strand
n3029,OIA,kapota-,pigeon; dove,strand
n3030,PNur,kavek,,strand
n3031,Arb,kafan,shroud,strand
n3032,PNur,kavâ,carrying basket,strand
n3033,PNur,ka-vi,when,strand
n3038,PNur,čitrâv-,,strand
n3041,OIA,čitr-i-ta-,made variegated; painted,strand
n3045,PNur,četr,,strand
n3046,PNur,četr-,,strand
n3047,PNur,četra,,strand
n3048,PNur,kâča,,strand
n3049,PNur,kâć,,strand
n3050,PNur,kaćâ,,strand
n3051,PNur,kâṭ,strength,strand
n3052,PNur,kâṣa˜-vinsua˜,ceremonial axe,strand
n3053,PNur,kâr tâ-,listen (to),strand
n3054,PNur,kâr-mâli,earring,strand
n3055,PNur,kâṛ,ear (of grain),strand
n3056,PNur,kâṛu,root; base,strand
n3057,PNur,kâṇa,,strand
n3058,Psht,kâsa,bowl,strand
n3059,PNur,kâsivo,Kal′aṣa of Chitral,strand
n3060,PNur,kâl tra˜k-a-,thunder,strand
n3061,PNur,kâl,,strand
n3062,PNur,kâlâ-pus,pre-Islamic woman's hat (horned or Kalash-style),strand
n3063,PNur,kâ˜ta,colostrum,strand
n3064,PNur,kâ˜ta,Kâta,strand
n3065,PNur,kâ˜tivâ,Kântivâ,strand
n3066,PNur,kakuna,,strand
n3067,PNur,kâkuna,,strand
n3068,PNur,kâṇḍ,,strand
n3069,PNur,ka˜ta,,strand
n3070,Arb,kâfar,infidel,strand
n3071,PNur,kavara,,strand
n3072,PNur,kâm,Kom,strand
n3076,PNur,kâkâk,,strand
n3077,PNur,ki-,group of people,strand
n3078,PNur,kiṭâl,,strand
n3079,PNur,kirâv,hand-plow,strand
n3080,PNur,kilâṛ,,strand
n3081,PNur,kil,,strand
n3085,PNur,koć,,strand
n3088,PNur,kuć,,strand
n3091,PNur,kuć,,strand
n3095,PNur,kausṭil,,strand
n3099,OIA,kopha-,lump; hill,strand
n3102,OIA,kaku-bʱ′a-,lofty; peak,strand
n3103,PNur,kov,,strand
n3106,OIA,kumbʱ′a-,jar; pot,strand
n3108,PNur,vâṣkam,,strand
n3112,OIA,kukku-bʱa-,wild cock,strand
n3113,OIA,kukku-ṭ′a-,cock; hen,strand
n3117,PNur,ṣkura,,strand
n3121,PNur,ćare-,,strand
n3123,PAr,čar-ta-,is broken; falls,strand
n3125,PAr,kart-ya-,be cut off,strand
n3128,OIA,â-kr̥t-a-,*cut away,strand
n3131,OIA,ča-˜-kr̥t-a-ti,cuts repeatedly,strand
n3133,PNur,c̣âkara,,strand
n3136,PNur,kaṭala,,strand
n3139,PNur,kaṭe˜,,strand
n3140,PNur,kaṭeṇ-,,strand
n3143,PNur,kaṭa,,strand
n3144,PNur,kâṭa,,strand
n3148,PNur,čâm,,strand
n3149,PNur,čâm maṛa,,strand
n3152,PNur,kaṭâ,,strand
n3155,PNur,kâṭi,,strand
n3158,PNur,kâtara,,strand
n3160,PAr,kart-tr̥-ka-:-,knife; dagger,strand
n3165,PNur,c̣uṛi,,strand
n3168,PAr,upa-kan-i:yas-,next younger,strand
n3171,PNur,kaṇišta,,strand
n3175,PNur,sat,,strand
n3180,PNur,čiava-,,strand
n3181,PNur,kr̥ṣ,,strand
n3182,PNur,kumalik,,strand
n3183,PNur,kundalik,,strand
n3184,PNur,kučula,scab,strand
n3185,PNur,kušula,,strand
n3186,Prs,kušeš,endeavor,strand
n3187,PNur,kuštiâ,Kṣto,strand
n3188,PNur,kuštuv,hammer,strand
n3189,Psht,kuṭ wâl′i,tower guard,strand
n3190,PNur,kuṛa,,strand
n3191,PNur,kuṣu,kind of bean,strand
n3192,PNur,kuṛi,dog,strand
n3193,PNur,ko˜,,strand
n3194,PNur,kuṇ-,,strand
n3195,PNur,kuṇḍa,hewn wood; plank,strand
n3196,PNur,kuta,,strand
n3197,PNur,kusa-,,strand
n3198,PNur,kulem,Kul′em,strand
n3199,PNur,kuṇḍi,,strand
n3203,PNur,kač-,,strand
n3204,PNur,koṭ,,strand
n3205,PNur,kos,measuring vessel,strand
n3206,Turk,komak,help,strand
n3207,OIA,kṣa-t′a-,wounded,strand
n3208,OIA,kṣad-a-na-,carving; dividing,strand
n3209,PNur,kreć,,strand
n3210,PNur,krača-,boil up,strand
n3211,PNur,kraća,hip; thigh,strand
n3212,PNur,krâma-,,strand
n3213,PNur,krâmkrama,,strand
n3217,OIA,kṣip-a-ṇ-′i-,stroke of a whip,strand
n3220,OIA,kṣ′ip-ya-ti,throws,strand
n3221,PNur,ṣipa-,,strand
n3224,PNur,ṣipâ-,,strand
n3227,PNur,ṣipâ˜,,strand
n3231,PNur,vaćava-,,strand
n3233,PAr,čšnav-i:-ti,sneezes,strand
n3236,PAr,kša-trʹa-,realm; city,strand
n3240,OIA,vi-šrâm-a-,rest,strand
n3241,OIA,vi-šram-a-te,rests,strand
n3244,OIA,šr′âm-ya-ti,is tired,strand
n3245,PNur,kârva,,strand
n3246,OIA,khal,shake,strand
n3247,PNur,kaṇḍara,,strand
n3248,PNur,kanda-,,strand
n3249,PNur,keṛa,,strand
n3250,PNur,kuča-,,strand
n3251,PNur,kuṣa,,strand
n3252,PNur,kuṛa-,,strand
n3253,PNur,kuṭa,,strand
n3254,PNur,kuṭa-âv-,,strand
n3255,PNur,kur,,strand
n3256,PNur,kur-,,strand
n3257,PNur,küdâv-,,strand
n3258,PNur,koṛ,,strand
n3259,PNur,koṛ-,,strand
n3260,PNur,gora,,strand
n3261,PNur,goraṇa,,strand
n3262,PNur,gaṛak,,strand
n3263,Psht,gardan′ay,bandolier,strand
n3264,PNur,gada,,strand
n3265,PNur,gaṇa,,strand
n3266,PNur,gâṇe-,,strand
n3267,Prs,gaz,"length from tip of hand to neck, with arm extended to side",strand
n3268,PNur,gal-âva,river,strand
n3269,PNur,gaṇḍa,,strand
n3270,PNur,gavâr,Gawâr,strand
n3271,PNur,go,,strand
n3272,PNur,gok,,strand
n3273,PNur,gâi âća-,bring,strand
n3274,PNur,gâga,kind of cookie fried in ghee,strand
n3277,PAr,granth-a-,knot,strand
n3280,PNur,guṇ,,strand
n3283,PNur,gr̥˜ṭ-e-,,strand
n3286,PNur,gr̥˜ṭ,,strand
n3287,PNur,goṭ,,strand
n3288,Prs,gur,grave,strand
n3289,PNur,gulaṛ,fleshy excrescence on the side of a goat's neck,strand
n3290,PNur,gunda,cover,strand
n3291,PNur,gütüṛ,anus,strand
n3292,PNur,guča,,strand
n3293,PNur,goṇi,,strand
n3294,PNur,gom,,strand
n3295,PNur,gol,weather,strand
n3296,Prs,gōgerd,sulphur; match,strand
n3297,PNur,geria,,strand
n3299,PNur,grâm,,strand
n3300,PNur,grâmi,townsman,strand
n3301,PNur,grâm-saṇâ,Gřâmsaňâ,strand
n3302,PNur,gâtara,,strand
n3304,PNur,přa˜-gs-,,strand
n3305,PNur,gal,,strand
n3310,PNur,gângâṇi,,strand
n3315,PNur,gârṣ,,strand
n3316,PNur,guṛik,,strand
n3320,PNur,ge-,,strand
n3321,PNur,ge-sta,,strand
n3324,PAr,gʱaus-,ear,strand
n3325,PNur,goṛa,,strand
n3326,PNur,goṛa-i,,strand
n3330,PNur,ǰire-,,strand
n3331,PNur,ǰirik,,strand
n3335,PNur,gâi-,,strand
n3336,PAr,adʱi-gr̥bʱ-a-ay′a-,takes,strand
n3337,PAr,anu-gr̥bʱ-a-ay′a-,follows in taking,strand
n3338,PAr,apa-gr̥bʱ-a-ay′a-,seizes from below,strand
n3340,PAr,grabʱ-′aya-,takes; seizes,strand
n3342,PAr,grâbʱ-′aya-,causes to be taken,strand
n3344,PAr,grâbʱ-a-,seizing,strand
n3345,Arb,xaīr,good,strand
n3346,Arb,xaīrat,good deed,strand
n3347,Arb,xaīma,tent,strand
n3348,Prs,xarči,provisions,strand
n3349,Prs,xafa,strangled,strand
n3350,Arb,xâriǰī,foreign,strand
n3351,Mongol,xân,chief,strand
n3352,Prs,xâmâxâ,of course!,strand
n3353,Arb,xidmat,service,strand
n3354,Prs-Arb,xošḥâl,happy,strand
n3355,Prs-Arb,xord ẓâbiṭ,petty officer,strand
n3356,Prs,xodâ,God,strand
n3357,Prs,xonzâ,princess,strand
n3358,Arb,ǧamm,grief,strand
n3359,Arb-Prs,ǧulâm bača,slave-boy,strand
n3360,PNur,-a,,strand
n3361,PNur,aiâ,cumin,strand
n3366,PNur,gaviṣ,,strand
n3370,PNur,vo,,strand
n3371,PNur,vo-i,,strand
n3375,PNur,vâǰ,,strand
n3378,PNur,vâ-la,,strand
n3381,PNur,vâće-,,strand
n3384,PNur,vâćiv,,strand
n3389,PNur,udosik,,strand
n3393,PNur,ue˜,,strand
n3394,PNur,ueṇ,,strand
n3397,PNur,uć,,strand
n3401,PNur,vaṣ,,strand
n3402,PNur,vaṣ-,,strand
n3406,PNur,vautri,,strand
n3409,PNur,âvâl-,,strand
n3410,PNur,vâv,,strand
n3411,PNur,âgâl,,strand
n3415,PNur,âća,,strand
n3417,PNur,prâć,,strand
n3421,PNur,âc̣u,,strand
n3422,PNur,âṭâl,,strand
n3423,Prs,ara,saw,strand
n3424,Ir,araṣum,silk,strand
n3425,PNur,arus,good taste,strand
n3426,PNur,ârźu˜,,strand
n3427,PNur,âro,,strand
n3428,PNur,âru,,strand
n3432,PNur,di,,strand
n3433,Psht,atr′âp,boondocks,strand
n3434,PNur,âša-,,strand
n3438,PNur,arâ-,,strand
n3442,PNur,âṇa,,strand
n3443,PNur,âṇa-,,strand
n3444,PNur,alâv,,strand
n3445,PNur,apiliak,,strand
n3448,PNur,-âṇu,,strand
n3449,PNur,p-âṇu,,strand
n3450,PNur,v-âṇu,,strand
n3454,PNur,aŋ,,strand
n3457,PNur,aŋu,,strand
n3459,PNur,âkra,,strand
n3463,PNur,anguṛi,,strand
n3465,PNur,âŋusti,,strand
n3466,Psht,anṭâl′ay,Italian,strand
n3470,PNur,âta,,strand
n3471,PNur,âtar,,strand
n3473,PNur,âtari,,strand
n3476,PNur,ât-,,strand
n3477,PNur,âti,,strand
n3478,PNur,ât-ki,,strand
n3482,PNur,andara,,strand
n3487,PNur,-âv-,,strand
n3491,PNur,âve-,,strand
n3495,PNur,prâv-,,strand
n3496,PNur,au,,strand
n3499,PAr,′apa,off; away,strand
n3502,PNur,vâlai,,strand
n3503,PNur,vârai,,strand
n3504,PNur,vârkâ,,strand
n3505,PAr,′apa-ra-m,again; morover,strand
n3506,PAr,apa-ra-indra-,name of a god,strand
n3507,PNur,avuta,,strand
n3508,PNur,amâ,,strand
n3512,PNur,avi-du,,strand
n3513,PNur,âvi-du,,strand
n3516,PNur,avi-dva,,strand
n3517,PNur,â,,strand
n3519,PNur,-â-,,strand
n3520,PNur,âi,kernel,strand
n3521,PNur,â-i,,strand
n3522,PNur,âio,starter for milk fermentation,strand
n3523,PNur,-â-u,,strand
n3524,PNur,âŋâ-tâṇ,fireplace,strand
n3525,PNur,âča˜,woolen yarn,strand
n3526,PNur,âša-,pour down,strand
n3527,OIA,*â-ṭal-a-ti,*moves out,strand
n3528,PNur,âṭama-,"pool, form a puddle; gather together in a group",strand
n3529,PNur,âṣkuṇu,Âṣkuňu,strand
n3530,PNur,âraṛ,nest,strand
n3531,PNur,âroga,,strand
n3532,PNur,iei,,strand
n3533,Ir?,ârbâb,lute,strand
n3534,Prs,ârmân,longing,strand
n3535,PNur,âṛa,"knot (in wood); segment (of reed, etc.); husk on walnut",strand
n3536,PNur,âṛ-kali,jaw,strand
n3537,PNur,âṛćuv,pus,strand
n3538,PNur,âtri,,strand
n3539,PNur,âdar-,box,strand
n3543,PNur,âsa,,strand
n3544,PNur,âsa-ṭâr,ashes boiled in water,strand
n3545,PNur,âsku˜,,strand
n3546,PNur,âsc̣ev,woolen calf-length trousers,strand
n3547,Ir?,â-svar-i-ta-,sunny,strand
n3548,Ir?,â-sved-a-,sweat,strand
n3549,Prs,âzâr,"injury, molestation",strand
n3553,PNur,âlu,,strand
n3554,PNur,â-nav,ghee,strand
n3555,PNur,vâṇḍ,,strand
n3556,PNur,ândar-kil,"long, thin wedge used to fasten together broken boards",strand
n3557,PNur,ând-iaṣ,meat-hook,strand
n3562,PNur,divaṛ,,strand
n3565,PNur,âv,,strand
n3566,PNur,âva,,strand
n3567,PNur,â-patâr,unrelaxed,strand
n3568,PNur,âpâ-,open,strand
n3569,Prs,âbâd,cultivated,strand
n3570,PNur,âv-piše˜,water-mill,strand
n3571,Psht,âwǧ′ân,Afghân,strand
n3572,PNur,âmaǰe˜,,strand
n3573,PNur,âmuǰa-,,strand
n3577,PNur,kâsa-,,strand
n3580,PAr,k̂a,and,strand
n3581,OIA,ča-iva,and indeed,strand
n3584,PAr,k̂ar-a-na-,doing,strand
n3586,PAr,k̂ar-a-ti,does,strand
n3589,PNur,karâ-,,strand
n3592,PNur,kara˜,,strand
n3594,PAr,k′âr-i-,artisan; worker,strand
n3596,PAr,kâr-y`a-,to be done; business,strand
n3598,PAr,kar-man-,act; work,strand
n3600,PAr,kar-m′in-,active,strand
n3603,PNur,kâra,,strand
n3606,PNur,ka-ti,,strand
n3607,PNur,ko-,,strand
n3608,PNur,ko˜-,,strand
n3610,PNur,ka-ka,,strand
n3614,PNur,čatavâ,,strand
n3617,PNur,čatruć,,strand
n3618,PNur,čatruić,,strand
n3619,PNur,čatvudać,,strand
n3620,OIA,čatru-daša,fourteen,strand
n3622,PAr,k̂atvar-čat-,forty,strand
n3625,PNur,â-čauṭ,,strand
n3626,PNur,nu-čauṭ,,strand
n3630,PNur,čâl,,strand
n3633,PNur,čâl,,strand
n3635,PNur,čâr,,strand
n3639,PNur,kiṣa,,strand
n3642,PNur,kiṣa-,,strand
n3645,PNur,kiṣâv-,,strand
n3648,PNur,kiṣ,,strand
n3652,PNur,kaṣa-,,strand
n3655,PNur,kaṣi,,strand
n3659,PNur,kul,,strand
n3661,PNur,sauli,,strand
n3665,PNur,kâm,,strand
n3670,PNur,k′i-ti,,strand
n3672,PAr,k′a-,someone; anyone,strand
n3673,PNur,kai,,strand
n3674,PNur,ka,,strand
n3675,PNur,kâi,,strand
n3676,PAr,k′a-i-na,through what,strand
n3677,PAr,-ka-,,strand
n3681,PNur,kâči,,strand
n3685,PNur,kâća-,,strand
n3689,PNur,kâšira,,strand
n3693,PNur,viâ˜s,,strand
n3696,PAr,k̂šap-,night,strand
n3697,OIA,kṣap′a:-,night,strand
n3701,PNur,ǰi,,strand
n3705,PNur,ǰiva-,,strand
n3708,PNur,ǰe˜ta,,strand
n3709,PNur,ǰi˜ta,,strand
n3713,OIA,ǰay-′a-,victory,strand
n3717,PNur,ǰesṭa,,strand
n3718,PNur,ǰesṭi,,strand
n3721,PAr,gir′i-,rock; mountain,strand
n3724,PAr,gr̥-ṇ′â-ti,tells; addresses; praises,strand
n3727,PAr,ĝ′at-u-,lac,strand
n3731,PNur,gund,,strand
n3735,PNur,grap,,strand
n3739,PNur,′âća-,,strand
n3741,PNur,preć,,strand
n3744,PNur,â-,,strand
n3746,PNur,ga-,,strand
n3747,PNur,gava-,,strand
n3750,PNur,prâma,,strand
n3754,PNur,gâtr,,strand
n3758,PNur,gâ,,strand
n3761,PNur,gâ,,strand
n3766,PNur,gu,,strand
n3770,PNur,garaš,,strand
n3772,PNur,garašvâr,,strand
n3776,PNur,ǰana-,,strand
n3779,PNur,ǰa˜t,,strand
n3782,PNur,ǰa˜t,,strand
n3785,PAr,kšay′a-,loss; waste,strand
n3788,PAr,kšir-,flow,strand
n3790,PAr,kšir-a-ti,flows,strand
n3792,PAr,kšâr-aya-ti,causes to flow,strand
n3793,Arb,qalʕa,fort,strand
n3794,Arb-Prs,qalʕâ band,castle-bound,strand
n3795,Arb,qâẓī,judge,strand
n3796,Arb,qurʔân,Koran,strand
n3797,Arb,ḥarâm,forbidden,strand
n3798,Arb,ḥalâl,lawful,strand
n3799,Arb,ḥâkim,governor,strand
n3800,Arb,ḥisâb,reckoning,strand
n3801,Arb,ḥukūmat,government,strand
n3802,Arb,ḥukm,order,strand
n3803,Arb,ḥuǰra,room; cell,strand
n3804,Arb,ʕaks,reflection,strand
n3805,Arb,ʕaskar,army,strand
n3806,Arb,ʕabaθ,futile,strand
n3807,Arb,ʕâšiq,lover,strand
n3808,Arb,ʕizzat,power; respect,strand
n3809,Arb,ʔixtīâr,choice; authority,strand
n3810,Arb,ʔislâm,Islam,strand
n3811,Prs,har,every,strand
n3812,Ir,ham-,together,strand
n3813,Prs,hendu,Hindu,strand
n3814,Prs,hendustân,India,strand
n3818,PNur,-â,,strand
n3819,OIA,*ɦarandu,Arandu,strand
