ID,gloss,go_form,go_source,so_form,so_source,re_form,re_source,gu_form,gu_source,kh_form,kh_source,ju_form,ju_source,gt_form,gt_source,sa_form,sa_source,mu_form,mu_source,ho_form,ho_source,kw_form,kw_source,ko_form,ko_source,pmunda,gloss,pinnow,mkcd_no,mkcd_form,mkcd_meaning,mkcd_attested
#A0001,water,ɖaʔ,FR,da:ʔ,RSED.p70,dak',BDBH.1179,ɖaʔ,ZG63.85,ɖaʔ,PKED.p41,ɖag,PJDW.p185,ndiaʔ,PGEG.p36,dak',CDES.p217,da:,BMED.p31,daʔ,DHED.p73,da:ʔ,BAHL.p87,ɖa,NKEV.p300,*daˀk,water,V2,274,*diʔaak > *ɗaak,water,Mon; Khmer; Katuic; Khasi; Viet-Muong; South Aslian
#A0002,bone,za̰ŋ,FR,əɟa:ŋ,RSED.p6,siʔsaŋ,BDBH.2614,sisaŋ,AG08.p651,jaŋ,PKED.p83,ɟaŋ,PJDW.p210,ncia,PGEG.p36,jaŋ,CDES.p19,ja:ŋ,BMED.p80,jaŋ,HOGV.p150,ja:ŋ,BAHL.p60,—,,*ɟaŋ,bone,V7,488,*cʔaaŋ; *cʔaiŋ; *cʔi[ ]ŋ,bone,Khmer; Katuic; Palaungic; Viet-Muong; Central & South Aslian
#A0003,tongue,laŋ,FR,əla:ŋ,RSED.p7,leaŋ,BDBH.2423,laʔŋ,AG08.p638,laŋ,PKED.p173,elaŋ,PJDW.p191,nlia,PGEG.p36,alaŋ,CDES.p203,a:la:ŋ,BMED.p5,(leʔ),DHED.p208,a:la:ŋ,BAHL.p11,laŋ,NKEV.p322,*laŋ,tongue,V14,—,—,—,—
#A0004,tiger,kulaʔ,FR,ˈkina:,RSED.p140,ŋku,MVol.p733,gikil,AG08.p651,kiɽoʔ,PKED.p102,kiɭog,PJDW.p224,nku,PGEG.p36,kul,CDES.p201,kula:,BMED.p98,kula,HOGV.p183,ku:l,BAHL.p33,kula,NKEV.p319,*kᵊla,tiger,V281,197,*klaʔ,tiger,Mon; Khmer; Bahnaric; Khasi; Central Aslian
#A0005,weave (v),taɲ,FR,taɲ,RSED.p281,taNy,BDBH.1358,taɲ,GZ65.369,taɲ,PKED.p196,—,—,tæ,PGEG.p45,teɲ,CDES.p219,teŋ,BMED.p183,teɲ,HOGV.p187,—,—,—,—,*taɲ,weave (v),V301,898,*t₁aaɲ,to weave; to plait; to twill,Mon; Khmer; Katuic; Bahnaric; Khmuic; Palaungic; Khasi; Viet-Muong; Nicobarese; Central Asian
#A0006,climb (v),ɖaˀɟ,FR,daɟ,RSED.p72,ɖaĭ,BDBH.1168,ɖaj,GZ65.79,—,—,ɖaɲ,PJDW.p186,ɖæʔ,PGEG.p16,de̠c',CDES.p32,dej',BMED.p40,deʔ,DHED.p81,deʔ,BAHL.p89,(cuɖe),NKEV.p298,*daˀc,climb (v),V333,332,*[ɗ]ək,to stand up; to go up,Bahnaric
#A0007,horn,ɖeraŋ,FR,ˈdeˑraŋ,RSED.p78,deruŋ,BDBH.1266,—,—,ɖereŋ,PKED.p44,—,—,ɖiraŋ,PGEG.p17,dereɲ,CDSE.p171,diriŋ,BMED.p49,diriɲ,HOGV.p162,dereŋ,BAHL.p89,—,—,*dəraŋ,horn,V347,699,*d₂raŋ,horn,"Mon, Palaungic, Viet-Muong"
#A0008,hand,siʔ,FR,si:ʔ,RSED.p254,titi,BDBH.1370,titi,GZ65.p29,tiʔ,PKED.p199,iti,PJDW.p208,nti,PGEG.p37,ti,CDES.p89,ti,BMED.p186,ti:,DHED.p350,tiʔi:,BAHL.p63,ʈi,NKEV.p343,*tiiˀ,hand,V75,66,*t₁iiʔ,hand; arm,Mon; Khmer; Katuic; Bahnaric; Khmuic; Palaungic; Khasi; Nicobaric; SOuth Aslian
#A0009,louse,(aŋiˀd),FR,iʔi,RSED.p109,gisi,BDBH.855,gisi,AG08.p651,seʔ,PKED.p258,ɛsɛ,PJDW.p192,gsi,PGEG.p23,se,CDES.p116,siku,BMED.p173,siku,HOGV.p165,guhi:,BAHL.p45,siku,NKEV.p338,*siiˀ,louse,V341,39,*ciiʔ (& *ciʔ?),louse,Mon; Khmer; Bahnaric; Palaungic; Khasi; Vietnames-Muong; Aslian; Nicobarese; Katuic
#A0010,foot,zḭŋ,FR,ɟe:ˀŋ,RSED.p123,suŋ,BDBH.1363,suŋ,GZ63.205,juŋ,PKED.p66,iɟiŋ,PJDW.p208,nco,PGEG.p114,jaŋga,CDES.p76,jaŋga,HLKS.182,—,—,—,—,(naŋga),NKEV.p327,*ɟv₇ŋ,foot,V365,538,*juŋ; *juəŋ; *jəŋ; *jəəŋ,foot; leg,Mon; Palaungic; Central & South Aslian / Khmuic; Palaungic / Bahnaric; ?Mon / Khmer; Katuic; North Bahnaric; ?South Bahnaric
#A0011,head,baˀb,FR,bo:ˀb,RSED.p60,bob,BDBH.2007,bob,GZ63.50,bokoˀb,PKED.p24,bokob,PJDW.p169,bhaʔ,PGEG.p13,bo̠ho̠k',CDES.p90,bo,BMED.p24,bo:ʔ,DHED.p40,boʔ,BAHL.p113,—,—,*bok₂oˀp,head,V206,361,*[b]uuk,head,South Bahnaric; Aslian
#A0012,eye,maˀd,FR,mo:ˀd/mad,RSED.p168,moʔ,BDBH.220,moʔ,AG08.p642,moˀɖ,PKED.p195,ɛmɔɖ,PJDW.p191,muaʔ,PGEG.p34,mẽ̠t',CDES.p67,med',BMED.p117,meɖ,DHED.p228,meɖ,BAHL.p120,med,ZKPM.p48,*məˀt,eye,V250,1045,*mat,eye,Mon; Katuic; Bahnaric; Khmuic; Khasi; Viet-Muong; Aslian; Nicobaric
#A0013,cut (v),gaˀd,FR,gad,RSED.p93,goʔ,BDBH.1018,goɖ,JV,gaˀɖ,PKED.p60,,,gwaʔ,PGEG.p21,ge̠t',CDES.p44,ged',EMV5.1411,geɖ,DHED.p111,geɖ,BAHL.p46,geʈ,NKEV.p306,*gəˀt,cut (v),V334,972,*sguut; *[s]gət; *sgat,to be cut short; to cut,Mon; Khasi Viet-Muong / Khmuic; Aslian / Khmer; South Bahnaric
#A0014,thatch,alaŋ,FR,əlaŋ,RSED.p158,lɔŋ,BDBH.2437,uloŋ,AG08.p644,oloŋ,PKED.p214,oloŋ,PJDW.p254,nlo,PGEG.p36,—,—,—,—,—,—,—,—,—,—,*v₉laŋ/ᵊlaŋ,thatch,V270,749,*[p]laŋ; *[p]laiŋ,thatching-grass,"Khmer; Katuic; Palaungic; Khasi / Khmuic, Viet-Muong"
#A0015,eat (v),zum,FR,ɟom,RSED.p128,sum,BDBH.2667,som,GZ63.212,jom,HLKS.K274,ɟim,PJDW.p212,coŋ,PGEG.p15,jo̠m,CDES.p60,jom,BMED.p84,jom,HOGV.p156,jom,BAHL.p63,jom,NKEV.p313,*ɟv₁₀m,eat (v),V385,1327,*cuum; *cuəm; *cəm; (*cim cim >) *ncim; *ciəm (& *nciəm?); *caim ,to eat; to feed,Palaungic / Palaungic / South Bahnaric; Central Aslian / Mon; Khmer; South Bahnaric / Bahnaric / Kuy
#A0016,drunk,bṵl,FR,buʔul,sora.txt.18922,bu,BDBH.1900,bil,AG08.p672,bul,PKED.p39,buli,PJDW.p174,busaʔ,PGEG.p13,bul,CDES.p58,bul,BMED.p25,bul,HOGV.p155,bubul,BAHL.p108,bubul,NKEV.p70,*bul,drunk,V105,1765,*ɓul; *ɓuul,drunk,Khmer; Bahnaric / Mon; Katuic; Khmuic; Central & South Aslian
#A0017,thigh,bulu,FR,bulu:,RSED.p64,buli/bili,BDBH.1949/1890,bili,DSGU.2681,bhulu,PKED.p32,bulu,PJDW.p174,bulu,PGEG.p13,bulu,CDES.p199,bulu,BMED.p25,bulu,HOGV.p183,bu:l,BAHL.p109,bulu,NKEV.p295,*buluuˀ,thigh,V145,223,*bluuʔ,thigh,Khmer; Bahnaric; Katuic; Khmuic; Palaungic; Central Aslian; Nicobaric
#A0018,ripe,—,—,—,—,bulu,BDBH.1591,bulu,AG08.p644,belom,PKED.p19,bilim,PJDW.p167,ble,PGEG.p13,bele,CDES.p161,bili,BMED.p23,bili,HOGV.p156,bhi:li:,BAHL.p115,bili,NKEV.p293,*bv₁₃lv₁₁,ripe,V232,—,—,—,—
#A0019,raw,—,—,—,—,buro,BDBH.1937,burol,GZ65.74,borol,PKED.p25,boron,PJDW.p171,brwa,PGEG.p14,be̠re̠l,CDES.p211,berel,BMED.p21,berel,HOGV.p185,berel,BAHL.p111,boboɽ,NKEV.p294,*bv₁₄rəl,raw,V253,—,—,—,—
#A0020,stone,areŋ,FR,areŋ,RSED.p39,—,—,—,—,soreŋ,PKED.p187,—,—,—,—,—,—,sereŋ,BMED.p172,sereɲ,HOGV.p175,—,—,—,—,*səreŋ,stone,V183,B42?,*[ ]rɁa[a]ŋ,rock,Palaungic
#A0021,fuel,aŋal,FR,aŋəl,RSED.p37,suŋo,BDBH.2638,suŋol,JV,soŋgol,PKED.p186,sɛŋon,PJDW.p276,sua,PGEG.p43,se̠ŋge̠l,CDES.p73,seŋgel,BMED.p172,seŋgel,HOGV.p158,seNgel,BAHL.p137,—,—,*sv₁₄ŋəl/*sᵊŋəl,fuel,V252,1723,*j[n]ŋəl,fire,Palaungic
#A0022,spread (vt),bil,FR,bel/bɪ:l,RSED.p56/58,be-sak',BDBH.1982,be-saʔ,JV,bel,PKED.p18,bɛn,PJDW.p166,beʔ,PGEG.p11,bel,CDES.p184,bil,BMED.p24,bil,HOGV.p179,bel,BAHL.p111,(bi)bil,NKEV.p293,*bel,spread (vt),V221,1761,*b[e]l (& *beel?),to spread a mat,Mon; South Bahnaric; Palaungic; Central Aslian
#A0023,burn (v),bal,FR,ba:l,RSED.p49,—,—,bal,GZ65.43,—,—,—,—,ba,PGEG.p9,bal,BSD1.p184,bal,BMED.p18,bal,HOGV.p151,ba:l,BAHL.p105,ba:l,NKEV.p292,*bal,burn (v),,—,—,—,—
#A0024,tie (v),tol,FR,tol,RSED.p292,tu,BDBH.1398,tol,AG08.647,tol,PKED.p288,tor,PJDW.p287,tu,PGEG.p46,to̠l,CDES.p201,tol,BMED.p186,tol,HOGV.p183,tol,BAHL.p84,ʈol,NKEV.p343,*tol,tie (v),V191,—,—,—,—
#A0025,grind (v),riˀd,FR,rid,RSED.p233,riʔ,BDBH.2276,riɖ,JV,riɖ,PKED.p169,riɖ,PJDW.p266,rig,PGEG.p4,rit',CDES.p86,ri'd,BMED.p159,riɖ,DHED.p288,ri:ɖ,BAHL.p124,–,—,*riˀt,grind (v),V76,1056,*riit; *riət,to rotate; go round; to grind,Katuic; Palaungic / Mon; Palaungic; Khasi
#A0026,fever/pain,asu,FR,asu:/əsu:,RSED.p42,siʔ,BDBH.2610,isi,GGEG.p93,kosu/kusu,PKED.p107,kasu,PJDW.p220,aʔsu,PGEG.p4,haso,CDES.p135,ha:su,BMED.p67,hasu,HOGV.p147,hasu:,BAHL.p145,kaSu,NKEV.p315,*k₂v₄su/*k₂ᵊsu,fever/pain,V247,44,*[c]uuʔ,to be sick,Khmuic; Palaungic
#A0027,shoot (v),tiŋ,FR,tuɲ,RSED.p299,tiŋ,BDBH.1368,tiŋ,GZ63.190,tuɲ,PKED.p196,tuɲ,PJDW.p288,ʈwiŋ,PGEG.p46,tuɲ,CDES.p173,tuiŋ,BMED.p180,tuŋ,HOGV.p177,,,ʈuɲj,NKEV.p343,*tuɲ,shoot (v),V107,896a?,,,
#A0028,chicken,—,—,kənsi:m,RSED.p131,gisiŋ,BDBH.856,gisiŋ,AG08.p651,siŋkoy,PKED.p183,sɛŋkɔe,PJDW.p275,gsæŋ,PGEG.p23,sim,CDES.p30,sim,BMED.p173,sim,HOGV.p151,si:m,BAHL.p135,—,—,*sim,chicken,V315,1324,*cim; *ciim; *ciəm; *caim; *cum,bird,Bahnaric; ?Central & South Aslian / South Bahnaric; Palaungic; Viet-Muong; Mon; North Bahnaric; Central Aslian / Kuy / South Bahnaric; Nicobaric
#A0029,wipe (v),zoˀd,FR,ɟoˀd,RSED.p126,susuʔ,BDBH.2698,sosoɖ,JV,joˀɖ,PKED.p87,—,—,cuʔ,PGEG.p15,jo̠t',CDES.p221,jod',BMED.p84,joɖ,HOGV.p88,joɖ,BAHL.p62,o:jo,NKEV.p329,*ɟoˀt,wipe (v),V190,994,*[ ]jut; *[ ]juut,to wipe,Mon / Khmer; Katuic; South Bahnaric; Khasi; ?North Aslian
#A0030,fruit / to bear fruit (v),zoʔ,FR,ɟo:ʔ,RSED.p125,suʔ,BDBH.2701,—,—,—,—,—,—,cu,PGEG.p15,jo̠,CDES.p80,jo,BMED.p83,jo:,DHED.p83,joʔ,BAHL.p63,jo:,NKEV.p313,*ɟo(o)ˀ,fruit / to bear fruit (v),V188,—,—,—,—
#A0031,sweep (v),zoʔ,FR,ɟo:,RSED.p126,suk',BDBH.2624,sog,AG08.p650,joʔ,PKED.p87,ɟɛnɔg,PJDW.p211,coʔ,PGEG.p15,jo̠k',CDES.p194,joʔ,BMED.p85,joʔ,DHED.p167,—,—,ju-khɽi,NKEV.p313,*ɟoˀk,sweep (v),,—,—,—,—
#A0032,hail/pebble,aril,FR,are:l,RSED.p39,are,BDBH.43,arel,HLKS.V225,arel,PKED.p7,aɭɛn,PJDW.p158,hare,PGEG.p24,arel,CDES.p88,a:ɽil,BMED.p10,aril,HOGV.p161,a:ril,BAHL.p10,—,—,*arel,hail/pebble,V225,1791,*pril; *priəl; by metathesis *pliir; *pliər,hail,Khmer; Palaungic / North Bahnaric / Plaungic / Khasi / Mon / Bahnaric Khmuic
#A0033,night,uɖuˀb,FR,orub,RSED.p195,minɖip',BDBH.2087,noNdib,GZ65.260,iɖiˀb,PKED.p79,—,—,minɖig,PGEG.p33,ayup',CDES.p128,a:yub,BMED.p14,ayub,HOGV.p157,ayub,BAHL.p3,ayup,NKEV.p290,*juˀp,night,V280,1268,*yup; *y[uu]p; *yəp,dark,Khasi; North & Central Aslian; ?Nicobaric / North Bahnaric / Khmer; Bahnaric
#A0034,cloud,taruˀb,FR,tarub,RSED.p283,tirib,BDBH.1387,tirib,GZ65.416,tiriˀb,PKED.p287,—,—,trig,PGEG.p46,rimil,CDES.p33,rimil,BMED.p160,rimil,HOGV.p152,liNbir,BAHL.p127,—,—,*tv₁₅ruˀp,cloud,V285a,1255,*[k]t₁əəp,cloud; precipitation,Mon; Palaungic
#A0035,leaf,olaʔ,FR,o:la:,RSED.p192,ulak',BDBH.169,olag,AG08.p633,ulaʔ,PKED.p298,olag,PJDW.p254,uliaʔ,PGEG.p124,palha,CDES.p111,pa:lha:o,BMED.p142,pala,DHED.p259,(sakam),BAHL.pdfp129,pa:la,NKEV.p331,*v₁la(aˀ/ˀk)/ᵊla(aˀ/ˀk),leaf,V50,230,*slaʔ,leaf,Mon; Khmer; Katuic; Bahnaric; Khmuic; Palaungic; Khasi; Viet-Muong; Aslian
#A0036,skin,usal,FR,usal,RSED.p308,usa,BDBH.173,isa:l,HLKS.V149,usal,PKED.p300,chalo,PJDW.p180,ugsa,PGEG.p6,chal,CDES.p176,,,,,,,sa:li,NKEV.p337,*usal,skin,V149,—,—,—,—
#A0037,laugh (v),liɖa,FR,—,—,(ɖoɖo),BDBH.1283,luɖo,GZ65.228,laɖa,PKED.p202,lara,PJDW.p236,lwaʔ,PGEG.p32,lanɖa,CDES.p110,la:nɖa:,BMED.p102,landa,HOGV.p166,la:Nd,BAHL.p127,lanɖa,NKEV.p322,*lv₁₈ᴺdv₂₀,laugh (v),V302,—,—,—,—
#A0038,forehead/front,amaŋ,FR,ammaŋ,RSED.p31,gutumoŋ,BDBH.885,sumoŋ/amuŋ,GZ65.21,somoŋ/somo/sumaŋ,PKED.p185,ɛmɔŋ,PJDW.p191,ssæ,PGEG.p44,samaŋ,CDES.p79,sa:ma:ŋ,BMED.p167,sanamaŋ,HOGV.p159,samaŋ,BAHL.pdfp130,samma,NKEV.p336,*sv₂maŋ,forehead/front,V269,—,—,—,—
#A0039,fear,butoŋ,FR,bato:ŋ,RSED.p55,butuŋ,BDBH.1922,butoŋ,GZ65.76,bɔtɔŋ (P),HLKS.V261,betɔŋan,JLIC.v239,bʈoʔ,PGEG.p14,—,—,botoŋ,BMED.p25,—,—,(bor),BAHL.p112,—,—,*bv₁₆toŋ,fear,V261,552,*ʔt₁uuŋ,afraid; to fear,Kuy; Khasi; Aslian
#A0040,cook (v),ɖeɲ,FR,diɲ,RSED.p80,ɖoNĭ,BDBH.1302,ɖoɲ,AG08.p664,ɖeɲ,PKED.p63,ɖɛɲ,PJDW.p187,ɖue,PGEG.p17,—,—,—,—,—,—,—,—,—,—,*ɖv₂₁ɲ,cook (v),V342,583,*kɗaŋ,to cook,South Bahnaric; Palaungic
#A0041,snake,bubuˀd,FR,biɲ/biŋ,RSED.p59,bubuʔ,BDBH.1931,buɽbui(ʔ),JV,buɲam,PKED.p4,bubuŋ,PJDW.p172,boʔ,PGEG.p12,biɲ,CDES.p179,biŋ,BMED.p23,biɲ,HOGV.p178,bi:ŋ,BAHL.p108,biɲj,NKEV.p294,*bv₃ɲ(ˀ),snake,V353,937,*[b]saɲʔ,snake,Katuic; Palaungic; Khasi; Viet-Muong
#A0042,plough (v),(or),FR,(or),RSED.p195,se,BDBH.2706,sui,AG08.p650,si,PKED.p143,si,PJDW.p276,si,PGEG.p42,si,CDES.p143,siu,BMED.p175,si:,HOGV.p170,si:,BAHL.p135,—,—,*sv₂₂,plough (v),V99,1599,*bcuər,to plough,Khmer; Katuic; South Bahnaric
#A0043,lick (v),zaleˀb,FR,ɟa:l,RSED.p119,salep',BDBH.2523,sal,GZ63.228,jal,PKED.p82,janɔ,JLIC.v372,cca,PGEG.p14,jal,CDES.p112,jal,EM.p1965,jal,HOGV.p164,(jaɽa:ʔ),BAHL.p60,jal,NKEV.p312,*ɟal,lick (v),V13,1409,*[c]limʔ; *[c]liəmʔ; *[c]laim[ ],to lick,Viet-Muong / Mon; North Bahnaric; Viet-Muong / Khmer / Khasi
#A0044,winnow (v),gumar,FR,gum,RSED.p105,(giteʔ),BDBH.864,gim,GZ63.134,gum,PKED.p67,guŋ/guɲ,PJDW.p199,goŋ,PGEG.p20,gum,BSDV2.p490,gum,BMED.p214,gum,DHED.p120,gum,BAHL.p45,gum,NKEV.p307,*gum,winnow (v),K159,1317,*gum; *guum; *g[əə]m,to winnow,South Bahnaric / Mon; Khmuic; Palaungic / Central Aslian
#A0045,sow (v),buˀd,FR,büd,RSED.p63,biʔ,BDBH.1898,biɽ,GZ63.67,biˀɖ,PKED.p20,bir,PJDW.p167,big,PGEG.p11,bit',CDES.p142,bid',BMED.p22,biɖ,DHED.p35,,,biʈ,NKEV.p294,*bɨˀt,sow (v),V285,—,—,—,—
#A0046,boil (v),asin,FR,əsin,RSED.p16,nsiŋ,BDBH.1641,isin,GZ65.173,isin,PKED.p81,isinɔ,JLIC.v65,nsiŋ,PGEG.p37,isin,CDES.p39,isin,BMED.p77,isin,DHED.p153,isiŋ,BAHL.p12,isin,korku.txt.12071,*v₂₃sin,boil (v),V86,1137,**ciinʔ (> Pre-Bahnaric *cin); *ciən[ ]; *cain[ ],cooked,Mon; Khmer; Bahnaric; Khmuic; Palaungic; Viet-Muong / Aslian; Nicobaric / Katuic
#A0047,cover (v),ɖal,FR,dal,RSED.p73,ɖalu,BDBH.1210,ɖal,GZ65.80,ɖal,PKED.p42,ɖan,MJTL.p96,ɖa,PGEG.p16,dapal/dalo̠p',CDES.p40,dapal/dālob,BMED.p35/36,dapal/dalop,HOGV.p153,—,—,da:l,NKEV.p299,*dal,cover (v),V3,1745,*kdiil; *kdiəl; *kdəl,to cover,South Bahnaric / North Bahnaric / Mon; Katuic; Bahnaric; Viet-Muong
#A0048,grab (v),—,—,(sakab),RSED.p246,sop',BDBH.2748,sob,GGEG.p113,(suˀb),PKED.p188,sɔb,PJDW.p277,saʔ,PGEG.p42,sap',CDES.p28,sa:b,BMED.p163,sab,DHED.p296,sa:b,BAHL.pdfp131,sa:p,NKEV.p337,*saˀp,grab (v),,1042,*[j]ɓat; *[j]ɓaat; *[j]ɓuut; *[j]ɓuət,to feel; to grasp,Mon; South Bahnaric; Palaungic; Khasi
#A0049,bury (v),tul,FR,til,RSED.p288,ti,BDBH.1360,til,GZ65.408,til,PKED.p199,tir,PJDW.p284,—,—,(til),RSED.p288,(til),RSED.p288,—,—,ti:l,BAHL.p82,—,—,*tv₂₄l,bury (v),,1733,*t₁iil; *t₁əl (or *t₁il?),to plant; to sow,South Bahnaric; Mon
#A0050,stand (v),tinaŋ,FR,tanaŋ,RSED.p,toŋ,BDBH.1490,tunon,AG08.p662,tuŋon,PKED.p201,toŋon,PJDW.p287,thwaN,PGEG.p46,teŋgon,CDES.p186,tiŋun,BMED.p187,tiŋgu,HOGV.p180,—,—,ʈengene,NKEV.p342,*tv₁₉ŋv₂₅n/tv₁₉nv₂₅ŋ,stand (v),,1824,*taaw,to stand,Mon; South Bahnaric; ?Khasi
#A0051,die (v),(kiˀd),FR,(kajed),RSED.p133,goĭ,BDBH.975,goj,ZG65.139,goˀj,PKED.p63,gɔɟ,PJDW.p197,gweʔ,PGEG.p23,go̠c',CDES.p51,goj,BMED.p61,goj,DHED.p115,goej,BAHL.p46,go,NKEV.p306,*goˀc/goj,die (v),,—,—,—,—
#A0052,run (v),jer,FR,jer,RSED.p88,ur,BDBH.155,—,—,yar,DSKH#12601,—,—,wir,PGEG.p9,ɲir,CDES.p164,nir,BMED.p132,nir,DHED.p246,ɲir,BAHL.p66,niɽe,NKEV.p328,*ɲv₂₆r,run (v),K294,1602,*jarʔ,"quick, to run",South Bahnaric; Viet-Muong; Central Aslian
#A0053,new,tḛmi,FR,tamme,RSED.p277,time,BDBH.1383,time,ZG65.410,tonme,PKED.p289,—,—,tmi,PGEG.p125,(nãwã),CDES.p128,(nawã),BMED.p127,(nama),HOGV.p168,—,—,(uni),NKEV.345,*tᵊme,new,V184,144,*t₁miʔ,new,Khmer; Katuic; South Bahnaric; Khmuic; Viet-Muong; Nicobaric; Mon; Palaungic; Khasi
#A0054,buffalo,boŋtel,FR,boŋtel,RSED.p62,buŋte,BDBH.1917,boŋtel,AG08.p647,boŋtel,PKED.p36,—,—,buNʈi,PGEG.p13,bitkil,CDES.p23,—,—,—,—,—,—,biʈkhil,NKEV.p294,A:*boŋtel; B:*bitkil,buffalo,,—,—,—,—
#A0055,dry,asar,FR,asar,RSED.p42,nsor,BDBH.1657,usor,AG08.p650,kosor,PKED.p155,kosor,PJDW.p229,nswar,PGEG.p37,—,—,—,—,—,—,—,—,—,—,*v₁₄sər,dry,,160,"*rɔʔ; *rɔs, (*rɔs rɔs >?) *srɔs",dry,Bahnaric; Khasi; ?Palaungic; Viet-Muong / Khmer; South Bahnaric; Nicobar
#A0056,bite (v),(kuˀb),FR,(küb/kib/kaib),RSED.p144,op,BDBH.337,ob,JV,hapkay,PKED.p73,—,—,haʔ,PGEG.p24,hap',CDES.p17,ha:b,BMED.p64,hab,DHED.p124,ha:p,BAHL.p146,khap,NKEV.p320,*k₂aˀp,bite (v),V294,1231,*kap; *kaap,to bite,Khmer; Katuic; North Bahnaric; Khasi; North & Central Aslian / Nicobaric
#A0057,blow (v),peˀd,FR,ped,RSED.p212,peʔ,BDBH.1759,peɖ,JV,pɛˀɖ,PJED.p156,perɔ,JLIC.v60,piʔ,PGEG.p38,phe̠t',CDES.p142,—,—,—,—,—,—,—,—,*peˀt,blow (v),V157,1023,*puut; *p[əə]t,to blow,Palaungic; North & Central Aslian / North & Central Aslian
#A0058,burn (vi),geˀb,FR,tuŋge:b,RSED.p298,gep',BDBH.967,geb,GZ65.123,geb,PKED.p61,—,—,giʔ,PGEG.p19, —,—,—,—,—,—,—,—,—,—,*geˀp,burn (vi),,—,—,—,—
#A0059,blood,miam,FR,miɲam,RSED.p177,—,—,iam,GZ63.325,iɲam,PKED.p115,iɲam/iɲɑm,PJDW.p208,mia,PGEG.p33,maNyaNM,CDES.p18,ma:yom,BMED.p116,mayom,HOGV.p149,,,mayum,NKEV.p325,A:*miɲam; B:majom,blood,,1430,*jhaam; *jhiim,blood,Khmer; Katuic; Bahnaric; Khmuic; Palaungic; Khasi; Aslian; Nicobarese
#A0060,buy/sell (vt),oŋ,FR,—,—,suŋ,BDBH.2635,soŋ,GZ65.370,soŋ,PKED.p185,soŋ,PJDW.p278,so,PGEG.p42,—,—,—,—,—,—,―,—,—,—,*soŋ,buy/sell (vt),,—,—,—,—
#A0061,sweet,—,—,—,—,subu,BDBH.2665,subul,AG08.p651,sebol,PKED.p180,—,—,―,—,sebel,CDES.p1194,sibil,EMV13.p3943,sibil,DHED.p316,sebel,DSKW.@21820,simil,NKEV.p338,*sv₆bv₁₂l,sweet,V257,—,—,—,—
#A0062,kindle (v),tuŋ,FR,tuŋa:l,RSED.p297,—,—,—,—,tuŋgal,HLKS.V324,—,—,toŋ,PGEG.p42,tiŋgi,BSDV5.p461,tiŋ,BMED.p187,tiɲ,DHED.p353,—,—,ʈingi,NKEV.p343,*tv₃ŋ,kindle (v),,549,*t₁uuŋ,to light,Palaungic
#A0063,stomach,—,—,(lo:ˀɟ),RSED.p163,suloĭ,BDBH.2692,suloj,AG08.p651,la(i)ˀj,PKED.p119,(lai),JLIC.n57,slweʔ,PGEG.p43,lac',CDES.p188,la:iˀ,BMED.p101,la:iʔ,DHED.p204,la:i:ʔ,BAHL.p123,la:j,NKEV.p323,*lv₂₉ˀc,stomach,K282,844,*ruuc; *ruəc,intestine,Mon; South Bahnaric; Central Aslian / Katuic; South Bahnaric; Viet-Muong
#A0064,big,—,—,maraŋ/məraŋ,RSED.p173/167,munaʔ,BDBH.2121,(moɖo),AG08.p663,—,—,—,—,mnaʔ,PGEG.35,maraŋ,CDES.p17,maraŋ,BMED.p220,maraŋ,DHED.p225,—,—,—,—,*mv₄raŋ,big,K107,—,—,—,—
#A0065,white,asel,FR,—,—,—,—,—,—,osel,PKED.p216,—,—,—,—,e̠se̠l,BSD2.p343,esel,BMED.p56,esel,DHED.p102,hesel,BAHL.p149,esel,HLKS.V255,*əsel,white,V255,—,—,—,—
#A0066,lungs,buroˀb,FR,bəro:,RSED.p46,buruk',BDBH.1936,buroʔ,DSGU#4101,—,—,(buru),JLIC.n49,breʔ,PGEG.p14,bo̠ro̠,CDES.p116,(borkod'),BMED.p25,(borkoɖ),DHED.p45,boro,BAHL.p112,(bor),DSKO#4141,*bv₁₆rv₁₇(ˀp/ˀk),lungs,,—,—,—,—
#A0067,liquor,ali,FR,əli/ali,RSED.p8,ili,BDBH.120,ili,AG08.p672,—,—,—,—,—,—,—,—,ili,BMED.p75,ili,DHED.p151,—,—,—,—,*v₁₅li,liquor,V85,—,—,—,—
#A0068,husked rice,ruŋk,FR,rʊŋkʊ,RSED.p239,ruŋku,BDBH.2291,rukug,AG08.p672,ruŋkuˀb/rumkuˀb,PKED.p171,ruŋkub,PJDW.p269,rkoʔ,PGEG.p41,—,—,(rukhaɽ),BMED.p163,—,—,—,—,—,—,*ruᴺku(ˀp/ˀk),husked rice,V139,1820,*rk[aw]ʔ (& *rkaawʔ?),husked rice,Khmer; Katuic; Palaungic; Viet-Muong; North & Central Aslian
#A0069,meat,—,—,ɟelu:,RSED.p123,sili/seli,BDBH.2599/2731,seli,AG08.p674,―,—,—,—,cili,PGEG.p15,jel,CDES.p120,jilu,BMED.p83,jilu,DHED.p165,—,—,jilu,NKEV.p311,*ɟəlu,meat,V228,—,—,—,—
#A0070,mango (ripe),—,—,u:l,RSED.p304,uli,BDBH.171,ili,DSGU#4032,—,—,(holɛ),PJDW.p205,uli,PGEG.p7,ul,CDES.p118,uli,BMED.p192,uli,DHED.p370,u:l,BAHL.p19,—,—,*uli,mango (ripe),,—,—,—,—
#A0071,fly,aroj,FR,əro:j,RSED.p14,(ayoŋ/ayuŋ),BDBH.39,uroi,JV,(kɔnɖɔi),HLKS.K356,—,—,nɖroe,PGEG.p36,ro̠,CDES.p76,roko,BMED.p161,roko,DHED.p291,roʔo,DSKW.19600,ruku,NKEV.p335,A:*roj; B:*roko,fly,K356,1534,Pre-Proto-Mon-Khmer *ru[wa]y > *ruy; *ruuy; *ruəy; Pre-Proto-Mon- Khmer *ruhay,fly,Khmer / Mon; Nicobaric / Katuic; Bahnaric; Khmuic; Palaungic; Viet-Muong; Central & South Aslian / South Bahnaric
#A0072,turmeric/yellow,saŋsaŋ,FR,sansaŋ,RSED.249,saŋsaŋ,BDBH.400,saŋsaŋ,GZ63.226,saŋsaŋ,PKED.p176,saŋsaŋ,PJDW.p268,ssia,PGEG.p42,sasaŋ,CDES.p230,sasaŋ,BMED.p157,sasaŋ,DHED.p307,—,—,sasan,DSKO#24491,*saŋsaŋ,turmeric/yellow,,—,—,—,—
#A0073,ear,luˀd,FR,luˀd,RSED.p165,luntur,BDBH.2386,litir,AG08.p652,lutur,PKED.p127,lutur/lutuʔ,PJDW.p239,nlug,PGEG.p36,lutur,CDES.p60,lutur,BMED.p110,lutur,DHED.p216,lutur,BAHL.p128,lutur,NKEV.p324,*lutur,ear,V147,1621,*kt₂uur; *kt₂uər,ear,South Bahnaric; Palaungic; ?Katuic / Mon; Khasi
#A0074,nose,muʔ,FR,mu:ʔ,RSED.p179,nseʔmiʔ,BDBH.1653,miʔ,GZ63.262,romoŋ/romoˀɖ,PKED.p170,motɛɟ,PJDW.p245,mmu,PGEG.p34,muN,CDES.p129,mu/muhu,BMED.p121,muwa/muʈa,DHED.p238,hu:mu:,DSKW@23180,mu:,NKEV.p327,*muuˀ,nose,V387,2045,*muh; *muuh; *muus,nose,Mon; Katuic; Bahnaric; Khmuic; Khasi; Aslian; Nicobaric / Palaungic; Central Aslian / Palaungic; VIet-Muong
#A0075,sun,—,—,—,—,siŋi,BDBH.2543,siŋi,JV,siŋ,PKED.p183,siŋ,PJDW.p244,sni,PGEG.p34,siɲ,CDES.p193,siŋi,BMED.p174,siŋi,DHED.p319,si:ŋ,BAHL.p136,—,—,*siŋi,sun,V286,31,*t₂ŋiiʔ,sun; day,Mon; Khmer; Katuic; Bahnaric; Khmuic; Palaungic; Khasi; Viet-Mương; South Aslian; Nicobaric
#A0076,cover (v),ɖaˀb,FR,dab,RSED.p71,ɖab,BDBH.1197,—,—,dab,PKED,—,—,—,—,dap',CDSE.p20,da:p,BMED.p32,—,—,da:b,BAHL.p86,—,—,*daˀp,cover (v),V3,1260/1261,*dəp / *ɗəp; *ɗəəp; *ɗap; *ɗaap; *ɗup; *ɗuup; *ɗuəp; *[ɗ]ip; *ɗiəp,to block; dam / to cover ,Khmer; Katuic; Bahnaric; Palaungic; Viet-Muong // Mon; Khmer; Bahnaric; Palaungic; Khasi; Viet-Muong; Nicobaric / Bahnaric / Khmer; Viet-Muong; Nicobaric / Palaungic; Nicobaric / South Bahnaric; Khasi; Nicobaric / Khmer; North Bahnaric; Palaungic; Viet-Muong; ?South Bahnaric / Mon; North Bahnaric / Khmer / Viet-Muong
#A0077,ear of corn,gali,FR,gale,RSED.p96,gileker,DSBO.11781,gile,GTXT.7791,gɔlɛ,HLKS.V182,(ɔnɔ),PJDW.p255,(konto-ja),PGEG.p28,gele,CDES.p185,gele,EM.p1418,gele,DHED.p111,geleʔ,BAHL.p45,(kelʈa),NKEV.p317,*gəle,ear of corn,V182,1577,*gur; *guər,ear of grain,Palaungic / Khmer
#A0078,two,bagu,FR,bar,RSED.p48,mbaʔr,BDBH.2214,umbar,AG08.p646,ubar,PKED.p205,umba,PJDW.p291,mbar,PGEG.p34,bar,CSED.p42,baria,BMED.p20,bar,DHED.p27,—,—,ba:r,NKEV.293,*bar,two,V49,1562,"Pre-Proto-Mon-Khmer *biʔaar > *ɓaar, Pre-Khmer *[ɓ]ir, Pre-Palaungic &c. *ʔaar",two,Mon; Khmer; Katuic; Bahnaric; Palaung; Khasi; Viet-Muong; Nicobaric; Aslian
#A0079,additive.particle,zaˀd,FR,ɟa:,RSED.p117,sa,BDBH.2547,sa,AG08.p649,ja,HLKS.V1,ɟan,PJDW.p211,,,ja,BSD3.p216,ja:,BMED.p77,ja:,DHED.p155,ja'',DSKW.@09330,ja,DSKO.12141,*ɟa; ɟaaˀ; ɟaˀt,additive.particle,V1,—,—,—,—
#A0080,say (v),—,—,gam,RSED.p96,—,—,gam,Z1965.121,gam,PKED.p57,gam,PJDW.p194,—,—,gam,CSED.p176,gamu,HLKS.V12,gamu,HLKS.V12,—,—,—,—,*gam,say (v),V12,—,—,—,—
#A0081,peacock,marraʔ,FR,ma:ra:,RSED.p173,—,—,maraʔ,SAAW.p1,maraʔ,PKED.p131,marag,PJDW.p242,—,—,marak',CSED.p407,ma:ra:,BMED.p114,mara:,DHED.p225,mara:q,BAHL.p117,mara,NKEV.p324,*maraˀk,peacock,V27,416,*mraik[ ],peacock,Mon; South Bahnaric; Palaungic
#A0082,long/tall,zuleŋa,FR,ɟele:n,RSED.p123,sileŋ,BDBH.2601,sileɲ,JV,"jhelo(g,b,m)",PKED.p92,ɟaliŋ,PJDW.210,clæ,PGEG.p15,jeleɲ,CSED.p260,jiliŋ,BMED.p83,jiliɲ,DHED.p165,—,—,—,—,*ɟv₃₆lv₃₇N,long/tall,V340,740,*jliiŋ (& *jliŋ?); *jla[i]ŋ,long,Mon; Palaungic; South Aslian; Nicobaric / Palaungic
#A0083,ebony,—,—,tarel,RSED.p138,tire,BDBH.1390,—,—,ti(ɽr)(ei)l,PKED.p200,tɛrɛn,PJDW.p285,tre,PGEG.p46,terel,CSED.p626,tiril,BMED.p188,tiril,DHED.p355,—,—,—,—,*tv₁₅rel,ebony,V227,—,—,—,—
#A0084,gazelle,alu'b,FR,əle:b,RSED.p7,sulup,BDBH.2688,sulub,GGEG.p116,selhob,PKED.p180,silib,PJDW.p278,sloʔ,PGEG.p43,selep',CSED.p571,silib,BMED.p173,silib,DHED.p317,seleb,DSKW@21960,—,—,*sv₆l₁₂ˀp,gazelle,V233,—,—,—,—
#A0085,cross (v),pa'd,FR,pad,RSED.p200,poʔ,BDBH.1793,poɖ,DSGU#18931,paro(m),PKED.p155,(pakea),DSJU#25131,pwaʔ,PGEG.p39,par,CSED.p474,pa:rom,BMED.p144,parom,DHED.p262,parom,BAHL.p97,pa:r,NKEV.p331,*pəˀt,cross (v),,—,—,—,—
#A0086,trample (v),tin,FR,—,—,—,—,ten,Z1965.402,ten,PKED.p199,—,—,(ʈe),PGEG.p46,ten,CSED.p624,ʈhen,BMED.p185,ten,DHED.p347,ten,DSKW@1275,ten,DSKO#26831,*ten,trample (v),K306,1153a,*t₁een ,to tread,Katuic; Khmuic
#A0087,chase (v),san,FR,san,RSED.p248,sensen,BDBH.2714,—,—,san,PKED.p176,(saŋgem),PJDW.p273,—,—,sen,CSED.p572,sen,BMED.p172,sen,DHED.p311,sen,BAHL.p138,sen(e),NKEV.p337,*sv₃₀n,chase (v),V300,899,*təɲ,to chase,Khmer; South Bahnaric
#A0088,get (v),—,—,ɲam,RSED.p186,—,—,—,—,ɲam,PKED.p140,—,—,—,—,ɲam,CSED.p434,na:m,BMED.p126,nam,DHED.p241,ɲa:m,BAHL.p66,na,NKEV.p327,*ɲam,get (v),,1243,*cap; *caap; *ciəp; *cip; *cup,to seize,Khmer; South Bahnaric; Central Aslian / Katuic; Nicobaric / North Bahnaric; North & Central Aslian / Khmer; Khmuic / Bahnaric
#A0089,fall/rain (v),gur,FR,gur,RSED.p92,gur,BDBH.914,gir,Z1965.132,gur,PKED.p68,gur,PJDW.p200,gur,PGEG.p21,gur,CSED.p207,gur,EMV5.p1535,gur,DHED.p122,—,—,guru,DSKO#10541,*gur,fall/rain (v),V106,1579,*guur,to fall; be shed,Mon; Palaungic; ?North Aslian
#A0090,drink/swallow (v),—,—,—,—,uʔ,BDBH.181,iɖ,AG08.p664,uˀd,PKED.p205,ur/uɖ,PJDW.p292,ug,PGEG.p6,ut',CSED.p674,ud',BMED.p191,uɖ,DHED.p369,u:ɖ,BAHL.p18,u:ʈ,NKEV.p346,*uˀt,drink/swallow (v),V142,1106,*hut; *huut; *huət; *huc; *huuc; *huəc,to suck; drink,Khmer; ?South Bahnaric; North & Central Aslian; Nicobaric / Khmuic; Palaungic; Viet-Muong / Khmer; South Bahnaric; Palaungic; Nicobaric / South Bahnaric; Central Aslian / Katuic; Bahnaric / North Bahnaric
#A0091,defecate (v),ḭj / iˀɟ,FR,gad-iɟ,RSED.p94,ik',BDBH.88,ig,AG08.p652,iˀj,DSKH#12711,ij,DSJU#13371,æg,PGEG.p4,ic',CSED.p244,ij',BMED.p75,iiʔ,DHED.p150,i:q,BAHL.p16,ich,NKEV.p310,*iˀc,defecate (v),V81,794,*ʔic; *ʔiə[c]; *ʔ[ə]c,excrement; faeces,Mon; North Bahnaric; Aslian / South Bahnaric; Khmuic / Khmer; South Bahnaric; Khasi; Nicobaric
#A0092,contain/block (v),baˀd,FR,bad,RSED.p47,boʔ,BDBH.2027,bod,Z1965.59,—,—,—,—,boaʔ,PGEG.p11,be̠t',BSDV1.p275,bed',BMED.p21,beɖ,DHED.p33,—,—,—,—,*bəˀt,contain/block (v),—,1178,*ɓun; *ɓuun; *ɓə[ə]n; *ɓut ,to heap up,South Bahnaric; ?Mon / Khmer; Katuic; North Bahnaric; Palaungic; Khasi / Palaungic / South Bahnaric
#A0093,scrape (v),laʔ,FR,—,—,—,—,lag,Z1965.205,laʔ,PKED.p118,lag,PJDW.p235,liaʔ,PGEG.p31,lak',CSED.p359,—,—,laʔ,DHED.p203,—,—,laʔ,DSKO.17551,*laˀk,scrape (v),—,418,*l[a]k,to hoe,North Bahnaric; Palaungic
#A0094,squeeze/milk (v),(ra'd),FR,(rad),RSED.p226,riʔ,BDBH.2276,roj,DSGU#2071,roˀj,PKED.p170,roɟ,PJDW.p268,rweʔ,PGEG.p41,roco,BSDV5.p98,roeʔ,EMV12.p3628,ro:eʔ,DHED.p290,roej,DSKW@19520,ro(:)c,NKEV.p335,*roˀc,squeeze/milk (v),V381,1061,*ruut; *ruət; *rət; *rat; *rit; *riit; *riət,"to tighten, constrict",
#A0095,porcupine,—,—,kənɟɪ:ŋ,RSED.p131,gisiŋreʔe,BDBH.858,—,—,jiŋray,PKED.p86,ɟiŋɛ,PJDW.p212,gcæiŋ,PGEG.p22,jhĩk,CSED.p268,jiki,BMED.p82,jiki,DHED.p165,ji:k,DSKW@09500,jikɽa,NKEV.p313,*ɟiŋ(k),porcupine,V318,528,*cu[ə]ŋ; *cəŋ; *ciəŋ / ,kind of small mammal / ,Khasi / Katuic; South Bahnaric / Khasi
#A0096,fry/scrape (v),gaˀɟ,FR,gaɟ,RSED.p95,gaĭ,BDBH.766,gaj,Z1965.120,gaˀj,PKED.p165,gaj,DSJU#10461,gæʔ,PGEG.p19,ge̠c',CSED.p184,geʔ,EMV5.p1411,—,—,—,—,—,—,*gaˀc,fry/scrape (v),V15,—,—,—,—
#A0097,burn(chilies) (v),per,FR,—,—,per,BDBH.1756,per,Z1975.294,—,—,—,—,pir,PGEG.p38,pe̠ṛen,CSED.p500,—,—,(pertol),DHED.p266,—,—,—,—,*per,burn(chilies) (v),—,—,—,—,—
#A0098,be sated (v),buʔ,FR,beˀ,RSED.p56,busu,BDBH.1960,busu,Z1965.72,"bes(o,u)",PKED.p20,bisu,PJDW.p14,bse,PGEG.p14,bi(ʔ),CSED.p67,bi:(ʔ)/biu,BMED.p22,bi:,DHED.p35,bi:,BAHL.p106,—,—,*bv₃₁/*bv₃₁sv₃₂,be sated (v),V319,259,*bhiiʔ,sated; full,Mon; North Bahnaric; Khmuic; Aslian; Nicobaric
#A0099,hair,—,FR,uʔ/(uppur),RSED.p308(307),ugbok',BDBH.135,iʔboʔ,DSGU#9411,(ului),DSKH#32441,—,—,ugboʔ/ogboʔ,PGEG.p6,up',CSED.p670,ub',BMED.p191,ub,DHED.p369,u:b,BAHL.p18,hu:p,NKEV.p310,*uˀp,hair,V143,—,—,—,—
#A0100,name,inum,FR,əɲam,RSED.p12,nimi,BDBH.1588,imi,AG.p645,(i)ɲimi,PKED.p140,—,—,mni,PGEG.p35,ɲum/ɲutum,CSED.p451/452,num/nutum,BMED.134,numu/nutum,DHED.p249,—,—,jimu,NKEV.p313,*ɲv₃₃m,name,V279,147,*[hy]muʔ,name,"Mon; Khmer; Katuic; Bru, South Bahnaric; Khmuic; Palaungic; Aslian"
#A0101,fish,ajuʔ,FR,əjo:,RSED.p5,aɽoŋ/CF:aʔ,BDBH.56,aʔɖoŋ,GGEG.p91,kaɖoŋ,HLKS.V64,karoŋ,PJDW.219,haʔɽo/CF:haʔ,PGEG.p24,hako,CSED.p212,ha:i,BMED.p64,hai/haku,DHED.p126,haku:,DSKW@22340,ka:ku,NKEV.p316,*k₂a(aˀ),fish,V64,16,*kaʔ,fish,"Mon; Khmer; Katuic; Bahnaric; Khmuic; Palaungic; Khasi; Viet-Muong; AslianNicobaric"
#A0102,wind,—,—,—,—,uĭɖak',BDBH.130,oioi,GGEG.p90,koyo,PKEV.p108,koio,PJDW.p225,hueɽiaʔ,PGEG.p26,hoyoŋ,CSED.p237,hoyo,BMED.72,hoyo,DHED.p146,hoe,BAHL.p149,koyo,NKEV.318,*k₂ojo,wind,V202,–,–,–,—
#A0103,sambar (deer),ki(N)sar,FR,kinsar,RSED.p141,saram/săram/sram/siram,BDBH.2496/2591,suram,AG08.p651,—,—,sɛram,PJDW.p276,sra,PGEG.p44,saram,CSED.p563,sa:ra:m,BMED.p169,saram,DHED.p305,—,—,(ruy),NKEV.335,*sv₃₉r,sambar (deer),—,—,—,—,—
#A0104,husking mortar,a̰l,FR,ono:l/OnAl,RSED.p194/DSSO#50351,sabu,BDBH.2490,saʔal,JV,sol,PKED.p185,(hesab),PJDW.p204),saboʔ,PGEG.p41,—,—,se:l/sehel,EMV13.p3900/3894,sẽ:l,DHED.p311,—,—,sel,DSKO#24701,*sv₄₄(vˀ)l,husking mortar,—,—,—,—,—
#A0105,bamboo joint,maˀd,Z1982.p273,mad,RSED.p168,—,—,moʔ,DSGU#15161,moɖa,PKEP.p135,mɔɖɔ,PJDW.p244,(leʔ-mweʔ),PGEG.p31,mat',CSED.p410,ma:d',BMED.p110,maɖ,DHED.p221,ma:ɖ,BAHL.p118,ma:ʈ,NKEV.p325,*maˀt,bamboo joint,K415(ˀt)/508(m),—,—,—,—
#A0106,pull/drag (vt),or,FR,or,RSED.p195,—,—,(an),(Z1965.24),—,—,—,—,ur-guʔ,PGEG.p7,or,CSED.p461,or,BMED.p138,or,DHED.p253,or,BAHL.p23,o(:)ɽ,NKEV.p329,*or,pull/drag (vt),—,—,—,—,—
#A0107,slip (vi)/be slippery,—,—,ɟalo:/ɟəlo:(ɟ),RSED.p120/115,sulo(ʔ),DSRE#37391,sulod,Z1965.383,joloɖ,PKED.p88,—,—,cluaʔ,PGEG.p16,(jilet'/jalat'),CSED.p273/252,jila:d',BMED.p83,jilad,DHED.p165,jeleɖ,BAHL.p62,(silir),NKEV.338,*ɟv₄₀ləˀt,slip (vi)/be slippery,V259,1081,*lut; *luut; *luət; *lət; *lat; (*lut-s &c. >) *luc; *luuc; *luəc; *l[ə]c,"to slip (off, down)",Khmer; North Bahnaric / Khmer; Bahnaric; Palaungic; Viet-Muong / Mon; North Bahnaric; Palaungic; Viet-Muong / South Bahnaric / Khmer / South Bahnaric; Viet-Muong; ?Khasi / Khmer; North Bahnaric; Palaungic; Khasi; Nicobaric / North Bahnaric; Khmuic; ?Khasi / Katuic; South Bahnaric; North & Central Aslian
#A0108,rain (n/vi),—,—,gum,RSED.p105,—,—,arel-gum,DSGU#26300,gim,PKED.p61,gima,PJDW.p196,—,—,?,?,ga:ma:,BMED.p58,gama,DHED.p105,—,—,ghamaʔ,DSKO#9171,*gv₄₁ma,rain (n/vi),V282,141,*gmaʔ,rain,Katuic; Khmuic; South Aslian
#A0109,sip (v),soɖo'b,Zide,sərub,RSED.p242,—,—,surub,DSGU#23421,suruˀb,PKED.p190,surupi,DSJU#30520,srog,PGEG.p44,sirup',CSED.p582,—,—,siri:b,DHED.p320,—,—,—,—,*sv₄₂rv₄₂ˀp,sip (v),V354,1283,*srup; *sruup,to suck; to drink,Palaungic; Khmer Palaungic
#A0110,mouth,toˀd/tom,FR,tˀod/tam,RSED.p291/276,tumoʔ,BDBH.1431,tumoʔ,JV,tomoˀɖ,PKED.p201,tɔmɔd,PJDW.p286,tmwaʔ,PGEG.46,—,—,—,—,—,—,—,—,—,—,*tv₄₃məˀt,mouth,V393,1001,*t₁ət,mouth,Khmer; Palaungic; Aslian
#A0111,distribute (v),taˀɟ,FR,tij,RSED.p287,teʔsaʔgur,BDBH.1473,tej,Z1965.401,taˀj,PKED.p195,taɟ,PJDW.p283,toeʔ,PGEG.p45,—,—,—,—,—,—,—,—,—,—,*tv₄₅ˀɟ,distribute (v),V293,—,—,—,—
#A0112,unripe mango,aˀɟer,FR,—,—,ayer/ager,BDBH.38,aʔer,DSGU#291,kayar,PKED.p99,kae,DSJU#15661,hiaʔir,PGEG.p25,—,—,—,—,—,—,—,—,—,—,*k₂aˀc[e/ə]r/*k₂aˀk[e/ə]r,unripe mango,—,—,—,—,—
#A0113,irrigated field,lioŋ,FR,—,—,ljo,MVol.p732,lioŋ,AG08.p666,—,—,—,—,ljo,PGEG.p32,—,—,loyoŋ,BMED.p109,—,—,loyoŋ,BAHL.129,—,—,*lv₄₆joŋ,irrigated field,V318c,—,—,—,—
#A0114,hill,bura,FR,bəru/baru/bur,RSED.p46/54,biri,BDBH.1886,biroŋ/buroŋ,DSGU#2731,biru,PKED.p22/DSKH#3721,—,—,bri,PGEG.p28,buru,CSED.p82,buru,BMED.p26,buru,DHED.p50,bu:ru:,BAHL.p109,—,—,*buru,hill,V278,182,*bruuʔ,hill,Katuic
#A0115,forest,bura,FR,bəru/baru/bur,RSED.p46/54,biri,BDBH.1886,biroŋ/buroŋ,DSGU#2731,biru,PKED.p22/DSKH#3721,—,—,bir,PGEG.p9,bir,CSED.p70,bir,BMED.p23,bir,DHED.p37,bhi:r,BAHL.p115,—,—,*biri,forest,V278,181,*briiʔ,forest,Khmer; Bahnaric; Palaungic; Central & South Aslian
#A0116,elephant,raʔ,FR,raʔ,RSED.p225,—,—,roʔo,JV,—,—,—,—,—,—,—,—,—,—,—,—,—,—,—,—,*rəəˀ,elephant,,1930,*r[ ]uəs,elephant,Bahnaric
#A0117,cloud,—,—,—,—,—,—,—,—,—,—,—,—,—,—,rimil,CDES.p33,rimil,BMED.p160,rimil,HOGV.p152,—,—,—,—,*rimil,cloud,,—,—,—,—
#A0118,six,turgi,FR,turru,RSED.p300,tiʔri,BDBH.1396,tir,HLKS.V148,tib(h)ru,HLKS.V148,—,—,tur,PGEG.p46,turui,CSED.661,tur(u)ia:,BMED.p190,turui(ya),DHED.p367,—,—,turuy(a),NKEV.p341,*tur,six,V148,1734a,*t₁uəl,six,Palaungic; Nicobaric
#A0119,seven,gulgi,FR,gulɟi,RSED.p105,giʔ,BDBH.861,gil,DSGU#26710,—,—,—,—,gu,PGEG.p20,(eae),CSED.p159,(e(a:)),BMED.p53,(ai(ya)),DHED.p5,—,—,(ey(ya)),NKEV.p304,*gul,seven,V141,—,—,—,—
#A0120,eight,tamgi,FR,tamɟi/tanɟi,RSED.279,tomam,BDBH.1498,tamgi,DSGU#26191,tham,PKED.p203,—,—,—,—,—,—,—,—,—,—,—,—,—,—,*tam,eight,V8,1431,*t₁haam,eight,Bahnaric
#A0121,nine,timgi,FR,timɟi,RSED.289,—,—,timgi,DSGU#27480,—,—,—,—,so(n)tiŋ,DSGT#15141,—,—,—,—,—,—,—,—,—,—,*tim,nine,—,1351,*[c]t₁iim,nine,Palaungic
#A0122,ten,galgi,FR,galɟi,RSED.p96,go:,HLKS.V249,gol,DSGU#26750,gel,DSKH#10041,—,—,go,DSGT#5591,gel,CSED.p185,gel(ea),BMED.p59,gel,DHED.p111,—,—,gel(ya),NKEV.p305,*gv₄₈l,ten,V249,—,—,—,—
#A0123,paddy,baba,FR,ba:ba:,RSED.p47,—,—,—,—,baʔ,PKED.p10,bua,PJDW.p172,—,—,—,—,ba:ba:,BMED.p14,baba,DHED.p18,(a:ba:ga),BAHL.p9,baba,NKEV.p291,*baaˀ,paddy,V4,120,ɓaʔ,paddy,Bahnaric; Palaungic; Khasi; Aslian
#A0124,child,aŋon,FR,oˀo:n,RSED.p195,ɔ̃ʔɔ̃,BDBH.487,oʔn,AG08.p636,konon,PKED.p104,kɔn,child; son; boy,ūhuŋo,PGEG.p6,hon,CSED.p234,hon,BMED.p71,hon,DHED.p142,hon,BAHL.p149,ko(ː)n,NKEV.p318,*k₂on,child,V205,1127,*kuun (& *kun?); *kuən,child,Khmer; Khasi; Nicobaric / Mon; Katuic; Bahnaric; Khmuic; Palaungic; Viet-Muong' Central & South Aslian
#A0125,god,kituŋ,FR,kittuŋ,RSED.p141,kitoŋ,Mvol.p696,kituŋ,DSGU#26950,kiʔtuŋ,PKED.p148,—,—,kitoŋ,PGEG.p28,—,—,—,—,—,—,—,—,—,—,*kitv₃ŋ,god,K193e;K388,—,—,—,—
#A0126,inside,aluŋ,FR,əluŋ,RSED.p8,aluŋ,BDBH.68,aluŋ,AG08.p648,—,—,aluŋ,PJDW.p157,alo,PGEG.p3,—,—,—,—,—,—,—,—,—,—,*alv₃ŋ/*ᵊlv₃ŋ,inside,(396a),593,*[ ]n₂uŋ,in,Khmer; Katuic; South Bahnaric; Palaungic
#A0127,dirt,mar,A.Zide.dic,—,—,—,—,imar,Z1965.162,—,—,(muili),PJDW.p246,hmar,PGEG.p26,—,—,humu,BMED.p73,humu:,DHED.p147,—,—,kumu,NKEV.p319,*k₂umv₄₉/*k₂ᵊmv₄₉,dirt,V114,140,*kmuuʔ; kmuəʔ; kməʔ; ,dirt,Khmer; Katuic; Palaungic; North Bahnaric; North & Central Aslian